City,Date,AQI,PM2.5,PM10,NO2,SO2,CO,O3
Delhi,2023-01-01,377,36.7,227.6,28.3,8.7,0.4,91.5
Delhi,2023-01-02,329,30.9,138.1,7.8,12.5,1.4,12.9
Delhi,2023-01-03,151,181.8,216.4,44.9,23.6,0.8,105.6
Delhi,2023-01-04,438,203.4,215.5,37.3,9.5,2.4,47.0
Delhi,2023-01-05,97,101.2,120.5,37.7,14.7,0.3,60.5
Delhi,2023-01-06,113,243.5,126.0,57.4,41.8,1.6,104.8
Delhi,2023-01-07,345,56.1,39.5,67.8,39.1,2.5,104.1
Delhi,2023-01-08,493,34.2,97.8,65.4,19.5,1.1,33.0
Delhi,2023-01-09,186,178.4,211.4,11.8,32.5,1.4,36.9
Delhi,2023-01-10,286,101.1,297.1,65.8,28.7,1.8,102.7
Delhi,2023-01-11,447,23.4,250.1,81.5,21.3,0.4,110.4
Delhi,2023-01-12,340,220.3,108.1,67.3,21.0,2.3,60.5
Delhi,2023-01-13,185,43.5,228.6,56.2,37.9,1.2,74.2
Delhi,2023-01-14,235,62.6,299.3,53.4,6.4,0.3,22.1
Delhi,2023-01-15,371,48.4,210.5,61.7,20.5,1.6,61.5
Delhi,2023-01-16,178,243.1,261.0,6.1,36.6,1.8,69.1
Delhi,2023-01-17,186,194.5,115.2,32.9,9.6,0.2,89.4
Delhi,2023-01-18,418,73.2,160.2,22.0,45.8,2.2,42.8
Delhi,2023-01-19,377,131.8,75.7,40.5,9.8,2.4,111.5
Delhi,2023-01-20,50,153.7,156.8,15.6,19.4,2.5,98.7
Delhi,2023-01-21,172,23.9,265.8,95.0,6.1,1.3,17.6
Delhi,2023-01-22,439,137.8,55.2,67.7,47.4,0.6,68.0
Delhi,2023-01-23,360,111.6,79.3,56.2,37.0,0.7,44.3
Delhi,2023-01-24,393,166.0,142.7,54.2,7.8,0.7,47.2
Delhi,2023-01-25,351,142.9,184.8,5.7,36.0,0.3,17.4
Delhi,2023-01-26,66,216.3,39.8,27.6,34.1,0.7,24.6
Delhi,2023-01-27,342,148.3,88.0,49.9,21.5,0.4,82.5
Delhi,2023-01-28,231,111.7,150.8,74.3,34.3,2.5,20.8
Delhi,2023-01-29,256,184.8,244.2,15.4,11.2,1.4,25.4
Delhi,2023-01-30,143,76.9,89.9,92.7,23.3,2.2,70.5
Delhi,2023-01-31,75,166.5,171.4,6.4,6.5,1.9,36.0
Delhi,2023-02-01,258,126.6,79.8,43.1,4.8,1.1,118.4
Delhi,2023-02-02,185,232.4,239.8,32.1,35.4,1.9,96.2
Delhi,2023-02-03,388,182.4,63.3,33.2,48.5,1.5,69.6
Delhi,2023-02-04,432,85.3,34.0,50.3,46.1,1.4,16.3
Delhi,2023-02-05,310,29.2,72.0,61.5,34.4,0.7,23.2
Delhi,2023-02-06,341,69.1,186.5,63.8,22.1,1.5,67.5
Delhi,2023-02-07,183,59.0,220.5,27.7,21.0,1.7,43.0
Delhi,2023-02-08,211,233.0,282.0,5.9,31.8,1.5,21.0
Delhi,2023-02-09,325,61.2,94.3,93.7,44.3,2.2,50.6
Delhi,2023-02-10,130,115.2,172.1,33.7,49.2,2.1,68.2
Delhi,2023-02-11,391,206.1,103.8,68.0,47.1,0.5,22.7
Delhi,2023-02-12,104,188.2,63.5,31.8,12.1,1.0,85.6
Delhi,2023-02-13,486,73.4,156.8,91.0,42.6,0.4,56.6
Delhi,2023-02-14,191,20.6,113.4,17.4,49.0,0.6,58.6
Delhi,2023-02-15,411,112.6,22.7,12.1,44.4,2.3,70.0
Delhi,2023-02-16,477,98.6,174.7,45.8,4.0,1.0,112.6
Delhi,2023-02-17,490,19.6,120.2,69.8,34.0,1.0,71.6
Delhi,2023-02-18,497,107.5,193.8,19.7,46.6,2.2,117.4
Delhi,2023-02-19,465,52.5,135.4,22.0,46.4,2.0,55.3
Delhi,2023-02-20,392,217.4,247.0,30.3,39.8,0.4,105.9
Delhi,2023-02-21,489,123.0,75.9,92.3,18.8,2.1,105.8
Delhi,2023-02-22,164,15.7,74.1,36.2,43.5,2.4,40.7
Delhi,2023-02-23,378,132.3,210.3,85.1,17.9,0.3,106.5
Delhi,2023-02-24,183,52.9,289.5,30.2,7.2,1.2,90.1
Delhi,2023-02-25,210,114.7,295.6,16.0,45.2,0.6,14.9
Delhi,2023-02-26,273,10.4,279.2,56.2,36.5,1.9,83.8
Delhi,2023-02-27,236,113.5,285.7,92.5,31.9,1.7,23.7
Delhi,2023-02-28,203,131.7,206.7,36.0,35.5,1.5,31.1
Delhi,2023-03-01,390,235.7,209.6,90.8,31.5,0.9,70.3
Delhi,2023-03-02,50,82.9,78.9,79.6,31.1,0.9,58.6
Delhi,2023-03-03,395,61.3,152.5,90.6,40.2,0.6,19.3
Delhi,2023-03-04,313,169.3,193.4,13.9,47.7,0.7,44.1
Delhi,2023-03-05,462,57.8,26.8,28.3,24.8,2.2,18.0
Delhi,2023-03-06,262,222.7,181.2,73.2,20.4,1.1,26.2
Delhi,2023-03-07,402,11.3,230.3,78.2,7.1,1.2,29.3
Delhi,2023-03-08,406,134.3,34.1,28.7,42.7,1.2,98.2
Delhi,2023-03-09,391,137.5,176.5,35.1,38.3,1.2,99.7
Delhi,2023-03-10,308,112.4,273.9,47.4,9.6,2.2,59.5
Delhi,2023-03-11,434,69.3,198.5,77.8,27.0,1.6,40.2
Delhi,2023-03-12,89,181.3,85.7,36.9,44.9,0.4,26.6
Delhi,2023-03-13,246,176.5,217.8,11.1,21.6,1.4,55.7
Delhi,2023-03-14,155,209.9,129.1,78.1,47.4,0.2,106.9
Delhi,2023-03-15,344,101.3,21.7,38.4,38.2,2.2,114.9
Delhi,2023-03-16,264,139.2,225.7,81.0,45.1,1.3,40.0
Delhi,2023-03-17,298,17.0,114.1,69.5,21.4,0.6,61.4
Delhi,2023-03-18,115,245.4,169.6,91.2,30.4,1.7,19.2
Delhi,2023-03-19,269,42.6,149.3,9.8,20.2,0.7,46.0
Delhi,2023-03-20,439,221.1,97.9,95.4,22.2,2.1,61.7
Delhi,2023-03-21,433,139.5,300.0,38.2,33.2,2.0,81.7
Delhi,2023-03-22,436,17.4,89.2,84.7,31.8,0.7,62.1
Delhi,2023-03-23,108,145.4,81.0,71.4,38.8,0.6,76.8
Delhi,2023-03-24,432,182.4,237.8,20.6,16.9,1.5,112.2
Delhi,2023-03-25,344,172.6,288.3,42.7,36.3,0.4,86.0
Delhi,2023-03-26,371,68.3,215.2,33.7,34.8,2.1,97.6
Delhi,2023-03-27,339,197.8,117.2,45.7,19.8,1.4,47.5
Delhi,2023-03-28,484,110.8,157.3,46.2,19.4,2.3,60.6
Delhi,2023-03-29,128,114.5,225.5,96.7,15.0,2.1,69.2
Delhi,2023-03-30,297,121.6,251.2,61.3,17.5,0.8,112.8
Delhi,2023-03-31,192,221.6,88.3,49.1,31.3,1.1,13.2
Delhi,2023-04-01,485,88.0,156.5,38.7,14.4,0.8,75.6
Delhi,2023-04-02,500,76.3,22.8,95.1,6.1,1.9,63.7
Delhi,2023-04-03,438,67.7,153.3,72.6,23.5,0.2,42.4
Delhi,2023-04-04,257,176.0,105.7,60.2,24.7,1.4,56.8
Delhi,2023-04-05,431,142.1,118.5,48.1,16.7,0.7,89.3
Delhi,2023-04-06,211,38.7,170.0,77.4,10.9,0.7,63.3
Delhi,2023-04-07,420,151.5,232.9,61.7,49.1,2.1,42.6
Delhi,2023-04-08,234,53.1,24.0,55.7,15.2,2.4,70.9
Delhi,2023-04-09,407,236.6,198.6,76.5,6.9,0.2,41.3
Delhi,2023-04-10,295,115.7,71.6,9.9,47.2,1.3,100.4
Delhi,2023-04-11,255,128.0,181.6,70.2,9.3,2.1,114.4
Delhi,2023-04-12,93,248.5,53.2,77.6,31.1,2.0,34.8
Delhi,2023-04-13,317,101.3,274.4,33.2,30.2,1.2,72.5
Delhi,2023-04-14,80,156.3,227.2,95.0,12.0,0.7,82.6
Delhi,2023-04-15,130,67.6,174.6,19.9,21.6,1.8,61.7
Delhi,2023-04-16,66,65.6,217.9,71.8,23.8,1.8,111.6
Delhi,2023-04-17,453,199.9,185.1,81.4,11.5,0.5,34.7
Delhi,2023-04-18,126,228.0,251.5,11.8,10.0,0.9,92.4
Delhi,2023-04-19,341,231.1,143.0,49.5,16.6,1.1,39.9
Delhi,2023-04-20,326,128.5,42.5,8.8,22.7,0.9,37.5
Delhi,2023-04-21,96,64.9,208.8,86.7,30.2,0.2,94.1
Delhi,2023-04-22,470,74.7,31.3,76.8,24.6,1.7,110.8
Delhi,2023-04-23,142,249.3,142.0,82.4,48.5,1.3,54.9
Delhi,2023-04-24,214,170.8,260.2,36.3,35.3,0.9,114.0
Delhi,2023-04-25,466,192.5,30.3,13.4,14.1,0.5,95.0
Delhi,2023-04-26,492,133.5,296.7,67.5,28.0,1.2,30.6
Delhi,2023-04-27,235,159.4,159.6,47.0,4.5,0.8,24.4
Delhi,2023-04-28,197,115.1,215.5,16.5,48.7,1.6,36.3
Delhi,2023-04-29,131,84.6,23.8,43.8,12.8,2.1,22.5
Delhi,2023-04-30,110,165.5,63.1,93.6,16.0,1.8,55.7
Delhi,2023-05-01,297,245.3,88.2,57.4,20.4,2.3,65.9
Delhi,2023-05-02,500,42.8,39.5,78.4,43.0,1.0,96.6
Delhi,2023-05-03,186,206.9,99.2,33.4,30.2,2.5,63.9
Delhi,2023-05-04,126,117.2,155.6,36.6,38.6,1.1,112.6
Delhi,2023-05-05,495,55.3,215.3,59.3,13.2,2.0,14.8
Delhi,2023-05-06,431,123.5,275.8,41.2,49.4,2.0,81.7
Delhi,2023-05-07,127,128.9,30.4,52.7,30.3,2.2,106.2
Delhi,2023-05-08,275,33.9,274.9,6.5,8.9,2.2,116.7
Delhi,2023-05-09,88,122.7,291.4,37.2,35.2,1.7,103.7
Delhi,2023-05-10,486,171.8,169.4,95.6,32.1,2.2,63.7
Delhi,2023-05-11,327,18.6,39.2,65.0,46.2,2.5,92.1
Delhi,2023-05-12,272,244.8,232.9,71.9,6.8,0.6,42.9
Delhi,2023-05-13,64,21.0,242.9,32.9,20.0,0.5,68.4
Delhi,2023-05-14,339,173.6,70.4,21.6,31.3,1.1,85.1
Delhi,2023-05-15,304,229.1,60.1,48.8,14.2,0.8,11.0
Delhi,2023-05-16,461,121.7,100.5,56.9,5.5,2.4,118.6
Delhi,2023-05-17,203,163.3,138.8,28.8,42.6,0.7,52.3
Delhi,2023-05-18,297,35.6,126.8,39.1,16.2,1.8,12.4
Delhi,2023-05-19,474,168.0,96.9,58.8,34.9,1.9,15.4
Delhi,2023-05-20,360,188.8,253.2,90.8,39.2,0.7,98.2
Delhi,2023-05-21,162,162.8,193.8,69.4,36.6,1.7,102.2
Delhi,2023-05-22,371,33.3,195.7,8.7,39.9,0.3,50.1
Delhi,2023-05-23,117,31.6,102.6,76.0,10.4,0.5,69.3
Delhi,2023-05-24,237,137.4,275.8,83.9,14.3,2.1,63.0
Delhi,2023-05-25,462,80.8,263.7,81.4,24.5,0.4,93.0
Delhi,2023-05-26,165,216.4,222.8,98.1,48.4,2.1,50.2
Delhi,2023-05-27,454,104.7,94.0,16.7,19.7,1.9,38.8
Delhi,2023-05-28,245,207.4,283.3,15.3,13.2,0.3,107.3
Delhi,2023-05-29,337,88.7,190.8,66.5,32.5,1.3,87.1
Delhi,2023-05-30,382,108.0,59.1,94.9,16.6,1.3,20.7
Delhi,2023-05-31,325,42.6,147.0,68.7,37.7,2.4,56.1
Delhi,2023-06-01,430,184.4,267.9,67.2,42.0,1.6,113.3
Delhi,2023-06-02,193,17.9,123.7,47.1,47.6,2.2,20.9
Delhi,2023-06-03,401,98.2,272.5,66.3,4.9,0.8,116.5
Delhi,2023-06-04,484,207.8,45.7,25.2,32.7,2.4,15.6
Delhi,2023-06-05,220,68.5,55.3,58.6,5.3,2.0,32.8
Delhi,2023-06-06,160,205.1,85.2,78.6,39.9,1.6,40.5
Delhi,2023-06-07,124,247.0,171.3,80.9,7.3,2.2,24.5
Delhi,2023-06-08,233,199.6,86.6,35.8,10.4,0.3,91.6
Delhi,2023-06-09,319,37.3,37.8,47.6,19.4,1.6,59.7
Delhi,2023-06-10,163,236.9,32.1,79.4,43.6,1.4,60.4
Delhi,2023-06-11,65,24.6,154.1,43.2,34.9,1.3,110.1
Delhi,2023-06-12,87,225.8,110.2,19.1,8.1,1.6,74.4
Delhi,2023-06-13,414,88.0,298.5,55.4,23.8,1.6,20.9
Delhi,2023-06-14,409,37.5,203.3,88.4,28.5,2.2,57.3
Delhi,2023-06-15,166,109.3,251.7,42.9,37.0,0.9,44.4
Delhi,2023-06-16,180,99.8,62.7,92.7,5.2,2.1,20.3
Delhi,2023-06-17,99,188.7,124.3,17.4,4.9,2.4,71.8
Delhi,2023-06-18,393,39.3,119.0,68.2,38.0,2.2,89.3
Delhi,2023-06-19,197,154.1,118.5,59.9,12.2,1.7,34.7
Delhi,2023-06-20,105,94.0,175.8,15.9,15.4,0.7,57.2
Delhi,2023-06-21,337,243.9,249.2,63.3,32.8,0.3,112.2
Delhi,2023-06-22,474,176.4,28.1,31.0,38.6,2.3,48.6
Delhi,2023-06-23,142,218.8,178.6,43.1,8.8,1.7,13.4
Delhi,2023-06-24,432,137.3,125.3,48.1,9.6,0.9,45.7
Delhi,2023-06-25,340,153.1,267.3,19.8,38.2,0.3,19.0
Delhi,2023-06-26,276,168.9,156.0,47.0,15.1,1.9,22.5
Delhi,2023-06-27,270,36.6,209.9,61.3,27.3,0.9,34.3
Delhi,2023-06-28,356,23.1,77.2,94.8,38.8,2.0,41.8
Delhi,2023-06-29,111,11.9,229.2,21.7,20.2,1.8,65.0
Delhi,2023-06-30,476,170.3,119.2,42.7,37.6,1.2,60.6
Delhi,2023-07-01,89,216.9,181.2,59.5,36.1,1.2,22.7
Delhi,2023-07-02,60,241.9,68.1,95.0,24.1,1.8,49.8
Delhi,2023-07-03,273,212.7,88.1,60.9,27.2,1.1,44.1
Delhi,2023-07-04,223,63.2,238.2,12.3,32.4,1.4,31.3
Delhi,2023-07-05,447,93.9,223.7,82.8,41.1,0.7,26.1
Delhi,2023-07-06,151,51.6,62.8,77.1,5.6,2.4,79.1
Delhi,2023-07-07,287,191.1,232.8,47.6,46.4,1.5,79.9
Delhi,2023-07-08,369,87.6,291.9,35.0,23.1,1.3,79.5
Delhi,2023-07-09,457,75.9,35.7,53.2,16.9,1.2,16.3
Delhi,2023-07-10,475,78.9,200.5,97.9,6.3,1.6,52.3
Delhi,2023-07-11,347,143.0,241.7,90.1,23.6,2.1,81.7
Delhi,2023-07-12,214,155.2,160.4,96.0,23.6,2.1,102.1
Delhi,2023-07-13,415,30.2,200.9,8.7,36.0,2.5,67.6
Delhi,2023-07-14,362,48.1,124.4,31.9,21.6,1.0,75.8
Delhi,2023-07-15,454,161.4,113.7,36.3,28.8,1.1,37.7
Delhi,2023-07-16,486,167.6,273.8,88.0,18.0,1.5,25.6
Delhi,2023-07-17,229,84.5,203.7,67.9,8.2,1.8,19.3
Delhi,2023-07-18,336,100.4,241.7,82.3,34.2,2.1,91.3
Delhi,2023-07-19,400,229.0,46.2,68.7,26.4,0.2,44.0
Delhi,2023-07-20,159,92.0,234.5,23.2,50.0,0.6,42.5
Delhi,2023-07-21,453,34.3,235.8,84.3,44.4,0.3,47.0
Delhi,2023-07-22,442,158.3,187.2,19.7,10.7,1.8,78.7
Delhi,2023-07-23,134,183.1,32.2,39.6,36.5,2.4,77.2
Delhi,2023-07-24,435,189.6,145.7,55.7,16.9,2.1,61.6
Delhi,2023-07-25,477,56.6,209.9,59.2,23.1,2.0,95.6
Delhi,2023-07-26,307,136.6,290.6,82.6,40.5,0.5,37.5
Delhi,2023-07-27,378,125.3,123.9,93.8,36.1,1.4,23.7
Delhi,2023-07-28,92,193.1,96.4,91.0,9.1,1.2,114.1
Delhi,2023-07-29,163,206.0,267.7,93.4,21.9,1.1,51.1
Delhi,2023-07-30,247,248.7,125.0,7.7,46.7,2.1,81.5
Delhi,2023-07-31,455,45.1,30.7,92.2,24.7,2.1,93.5
Delhi,2023-08-01,290,117.7,21.5,12.5,14.3,2.1,70.4
Delhi,2023-08-02,422,156.1,138.5,78.7,13.4,0.5,36.2
Delhi,2023-08-03,377,200.5,148.0,15.5,45.4,1.6,11.8
Delhi,2023-08-04,313,148.0,221.2,32.7,2.1,1.0,72.8
Delhi,2023-08-05,145,169.4,44.0,97.6,5.2,1.4,65.8
Delhi,2023-08-06,309,143.0,129.3,49.7,32.5,2.5,37.9
Delhi,2023-08-07,58,95.7,38.9,27.9,33.5,0.4,74.0
Delhi,2023-08-08,437,89.8,32.4,56.9,41.0,0.6,95.7
Delhi,2023-08-09,287,245.4,154.0,22.3,8.5,1.8,113.8
Delhi,2023-08-10,68,80.4,32.3,23.9,4.0,2.3,66.7
Delhi,2023-08-11,467,140.3,90.9,76.6,11.2,1.0,95.9
Delhi,2023-08-12,493,167.4,96.5,80.9,23.0,1.1,58.4
Delhi,2023-08-13,247,91.4,72.3,70.7,19.6,2.0,39.3
Delhi,2023-08-14,92,184.5,42.1,62.2,41.5,1.5,45.3
Delhi,2023-08-15,90,88.7,102.8,47.4,36.4,0.6,58.8
Delhi,2023-08-16,278,20.2,263.6,38.5,49.9,0.8,117.8
Delhi,2023-08-17,79,28.0,198.5,39.5,40.5,1.8,114.8
Delhi,2023-08-18,123,213.7,209.9,46.6,8.1,0.7,81.0
Delhi,2023-08-19,235,101.9,178.8,62.5,34.6,2.4,50.9
Delhi,2023-08-20,440,28.5,58.6,39.9,17.1,0.8,115.7
Delhi,2023-08-21,63,186.6,159.7,41.8,29.0,0.8,38.6
Delhi,2023-08-22,278,61.5,191.3,70.9,49.9,0.7,24.9
Delhi,2023-08-23,87,118.5,271.6,47.3,6.2,1.8,103.0
Delhi,2023-08-24,213,170.3,218.7,57.2,15.9,0.9,27.3
Delhi,2023-08-25,413,232.6,198.6,80.4,26.4,0.5,32.1
Delhi,2023-08-26,121,66.8,158.3,39.3,29.5,1.3,118.1
Delhi,2023-08-27,116,156.9,44.1,34.4,50.0,1.9,67.8
Delhi,2023-08-28,443,108.3,181.0,16.9,17.2,0.4,61.2
Delhi,2023-08-29,314,92.7,265.8,79.1,32.7,0.6,116.3
Delhi,2023-08-30,271,130.7,263.1,84.0,26.9,0.9,27.8
Delhi,2023-08-31,413,64.1,285.3,54.3,15.6,0.4,31.6
Delhi,2023-09-01,332,75.9,195.0,63.4,6.5,1.7,75.1
Delhi,2023-09-02,347,47.0,204.4,73.5,31.0,2.1,72.0
Delhi,2023-09-03,472,217.3,42.7,95.1,39.0,0.8,33.2
Delhi,2023-09-04,342,110.0,198.9,52.3,32.1,0.9,115.2
Delhi,2023-09-05,297,68.8,246.1,43.6,23.8,1.8,27.4
Delhi,2023-09-06,262,126.2,77.1,62.6,17.0,1.9,90.8
Delhi,2023-09-07,490,92.9,131.6,77.3,26.7,0.4,36.6
Delhi,2023-09-08,112,74.2,89.4,14.2,15.9,1.1,77.7
Delhi,2023-09-09,177,241.0,272.6,82.3,46.8,1.9,30.9
Delhi,2023-09-10,131,129.6,164.1,52.4,16.8,0.3,114.0
Delhi,2023-09-11,308,119.7,87.4,60.4,4.3,0.8,75.7
Delhi,2023-09-12,481,167.0,151.8,56.0,42.7,1.2,107.1
Delhi,2023-09-13,422,97.8,132.9,9.3,4.5,1.5,49.9
Delhi,2023-09-14,197,27.6,161.2,77.6,15.4,2.5,84.8
Delhi,2023-09-15,110,40.9,47.1,40.5,49.4,1.5,50.2
Delhi,2023-09-16,123,57.8,162.6,52.5,4.2,0.5,46.6
Delhi,2023-09-17,292,134.6,61.7,89.8,8.7,2.3,45.0
Delhi,2023-09-18,251,247.7,227.0,33.4,18.1,2.1,68.6
Delhi,2023-09-19,412,145.1,153.0,6.6,17.9,0.5,55.8
Delhi,2023-09-20,207,201.2,223.1,70.4,3.3,1.3,116.4
Delhi,2023-09-21,450,243.3,182.0,26.6,4.5,1.3,67.7
Delhi,2023-09-22,419,158.7,255.5,19.0,34.7,0.3,114.3
Delhi,2023-09-23,106,55.8,143.5,44.8,21.8,0.7,65.2
Delhi,2023-09-24,363,230.9,264.4,74.9,5.0,0.5,32.8
Delhi,2023-09-25,216,249.5,153.9,40.8,47.9,1.3,68.6
Delhi,2023-09-26,329,95.0,236.2,73.5,32.9,1.8,77.1
Delhi,2023-09-27,148,239.8,98.1,33.4,47.2,2.5,94.8
Delhi,2023-09-28,410,59.7,217.4,35.1,18.7,2.3,97.5
Delhi,2023-09-29,190,79.1,180.6,56.6,45.0,1.1,48.0
Delhi,2023-09-30,445,203.1,101.3,32.3,36.3,1.0,58.7
Delhi,2023-10-01,181,189.4,79.9,83.7,15.0,1.5,39.9
Delhi,2023-10-02,105,157.8,184.3,28.0,34.2,1.4,80.2
Delhi,2023-10-03,76,34.0,112.5,49.9,34.7,0.5,116.1
Delhi,2023-10-04,130,107.7,281.8,88.4,24.9,0.7,116.0
Delhi,2023-10-05,214,78.5,36.6,78.0,33.3,0.7,91.3
Delhi,2023-10-06,485,234.8,275.7,21.6,44.3,0.6,111.2
Delhi,2023-10-07,478,105.3,158.7,94.0,48.2,2.3,106.4
Delhi,2023-10-08,54,81.6,188.8,93.2,18.1,1.2,80.5
Delhi,2023-10-09,318,128.5,282.8,85.9,24.5,0.6,22.4
Delhi,2023-10-10,133,185.5,201.5,73.3,2.7,1.0,42.5
Delhi,2023-10-11,395,191.7,69.1,86.3,45.1,2.1,66.7
Delhi,2023-10-12,94,106.2,46.7,98.3,24.9,2.4,10.8
Delhi,2023-10-13,246,66.5,231.1,95.6,16.5,1.9,11.3
Delhi,2023-10-14,384,96.3,86.2,68.4,24.3,0.6,85.5
Delhi,2023-10-15,410,194.8,213.3,65.7,47.2,1.0,34.3
Delhi,2023-10-16,118,124.8,147.4,98.9,19.9,1.8,110.4
Delhi,2023-10-17,437,139.0,205.9,25.7,13.9,1.9,106.0
Delhi,2023-10-18,91,136.1,167.9,39.4,46.0,0.5,101.2
Delhi,2023-10-19,308,58.5,170.3,20.6,43.0,1.2,84.8
Delhi,2023-10-20,417,150.0,45.5,53.5,40.8,1.2,66.5
Delhi,2023-10-21,283,145.3,176.5,68.9,16.8,0.3,38.0
Delhi,2023-10-22,51,189.0,181.9,9.3,18.5,0.3,119.4
Delhi,2023-10-23,85,246.7,152.2,32.3,10.6,0.5,80.6
Delhi,2023-10-24,423,165.0,137.7,99.3,20.4,2.2,109.7
Delhi,2023-10-25,242,29.3,290.0,88.1,8.4,2.2,23.0
Delhi,2023-10-26,325,104.3,55.7,98.0,42.1,1.9,117.6
Delhi,2023-10-27,287,171.6,172.4,55.5,41.5,0.8,48.1
Delhi,2023-10-28,191,55.2,265.1,77.7,3.5,1.7,77.6
Delhi,2023-10-29,58,67.8,38.8,61.4,23.4,1.7,105.9
Delhi,2023-10-30,175,187.7,132.6,27.3,12.4,2.2,16.2
Delhi,2023-10-31,307,248.4,85.6,92.1,29.7,1.5,95.0
Delhi,2023-11-01,469,87.0,104.5,18.6,33.7,0.7,43.1
Delhi,2023-11-02,81,143.6,185.7,74.8,10.4,1.8,71.1
Delhi,2023-11-03,74,243.3,283.6,68.8,39.7,0.9,55.8
Delhi,2023-11-04,126,82.0,71.5,56.1,13.6,0.7,104.3
Delhi,2023-11-05,123,203.4,276.1,58.4,48.5,1.5,24.8
Delhi,2023-11-06,174,71.2,112.5,12.5,23.6,1.1,68.9
Delhi,2023-11-07,474,55.7,95.2,69.0,30.9,2.2,30.7
Delhi,2023-11-08,439,151.0,208.0,25.6,12.0,2.3,43.4
Delhi,2023-11-09,57,60.8,73.2,75.4,37.9,1.9,110.6
Delhi,2023-11-10,406,155.1,77.3,91.9,28.5,2.0,51.9
Delhi,2023-11-11,323,165.7,106.4,39.2,44.4,1.3,98.3
Delhi,2023-11-12,419,122.7,255.1,91.9,19.8,1.2,71.9
Delhi,2023-11-13,163,187.9,24.5,57.6,30.0,1.9,42.5
Delhi,2023-11-14,150,89.2,126.4,84.2,26.0,1.7,85.3
Delhi,2023-11-15,181,193.2,156.8,73.7,37.5,1.3,90.6
Delhi,2023-11-16,230,50.6,221.7,51.4,46.0,1.4,80.6
Delhi,2023-11-17,80,135.7,254.9,12.1,41.3,0.3,10.7
Delhi,2023-11-18,120,212.2,84.8,72.2,2.4,1.4,51.1
Delhi,2023-11-19,366,163.1,281.5,91.7,33.6,0.2,68.5
Delhi,2023-11-20,260,12.8,168.2,31.1,48.9,0.2,99.4
Delhi,2023-11-21,395,113.3,283.1,22.0,46.1,1.4,36.5
Delhi,2023-11-22,367,136.3,248.3,30.4,21.1,1.1,54.7
Delhi,2023-11-23,339,68.4,215.2,33.5,41.7,0.4,119.1
Delhi,2023-11-24,382,192.3,46.2,41.0,28.5,0.3,11.0
Delhi,2023-11-25,137,29.8,256.7,66.3,17.9,2.4,117.1
Delhi,2023-11-26,320,230.6,84.3,90.6,35.2,1.5,39.8
Delhi,2023-11-27,88,174.3,98.5,56.6,33.6,0.6,103.5
Delhi,2023-11-28,58,240.8,184.4,76.5,36.2,1.1,18.5
Delhi,2023-11-29,133,145.3,178.7,85.7,34.5,1.4,52.2
Delhi,2023-11-30,428,43.6,296.8,73.8,26.0,2.4,15.9
Delhi,2023-12-01,273,65.7,41.3,62.5,31.5,1.6,116.6
Delhi,2023-12-02,217,17.1,96.5,99.3,25.5,1.0,113.5
Delhi,2023-12-03,271,54.6,184.0,41.1,39.1,0.9,37.1
Delhi,2023-12-04,87,29.7,63.2,72.6,32.4,1.9,44.8
Delhi,2023-12-05,104,32.0,284.0,47.2,38.5,0.4,19.6
Delhi,2023-12-06,270,117.7,175.3,43.8,3.3,1.0,20.2
Delhi,2023-12-07,356,198.3,261.8,6.2,21.9,2.0,89.7
Delhi,2023-12-08,336,227.2,293.9,59.3,10.1,1.1,25.3
Delhi,2023-12-09,204,74.4,60.9,20.9,15.2,0.9,96.1
Delhi,2023-12-10,234,70.4,89.0,64.4,30.5,0.6,21.8
Delhi,2023-12-11,205,11.6,130.8,85.0,20.2,2.2,58.4
Delhi,2023-12-12,270,205.7,260.7,97.6,8.5,0.9,114.2
Delhi,2023-12-13,152,125.0,69.7,42.8,17.3,1.9,79.6
Delhi,2023-12-14,344,197.7,111.2,31.6,39.7,1.0,112.5
Delhi,2023-12-15,152,152.1,172.8,69.8,28.4,2.4,60.8
Delhi,2023-12-16,412,60.3,243.4,84.0,5.3,2.1,97.5
Delhi,2023-12-17,394,129.8,197.3,28.0,33.6,1.8,96.8
Delhi,2023-12-18,87,117.8,187.4,60.3,27.6,2.3,105.7
Delhi,2023-12-19,264,140.5,241.4,39.2,45.0,1.4,80.2
Delhi,2023-12-20,93,36.2,89.5,68.1,10.0,1.6,72.0
Delhi,2023-12-21,380,172.6,131.9,76.5,48.4,1.2,11.2
Delhi,2023-12-22,182,63.3,229.1,58.0,35.0,0.7,51.2
Delhi,2023-12-23,287,195.4,184.8,52.5,18.6,0.3,21.5
Delhi,2023-12-24,262,230.9,44.0,84.0,37.0,1.0,47.7
Delhi,2023-12-25,451,59.6,155.2,50.2,23.0,1.8,45.1
Delhi,2023-12-26,203,20.7,219.0,7.1,18.5,0.5,98.0
Delhi,2023-12-27,429,68.5,68.8,20.2,28.9,2.4,35.5
Delhi,2023-12-28,257,161.1,72.2,67.4,21.0,1.9,107.1
Delhi,2023-12-29,280,152.1,128.9,71.9,11.9,1.9,99.0
Delhi,2023-12-30,82,148.6,243.9,56.0,19.6,0.7,22.5
Delhi,2023-12-31,393,217.0,167.8,65.7,30.7,1.6,74.6
Mumbai,2023-01-01,228,94.5,148.2,21.4,34.3,2.0,111.1
Mumbai,2023-01-02,352,30.3,57.5,16.2,16.7,0.6,86.3
Mumbai,2023-01-03,311,103.2,187.0,59.6,22.3,1.3,69.1
Mumbai,2023-01-04,380,233.4,68.5,20.9,15.9,0.6,102.6
Mumbai,2023-01-05,367,22.9,120.5,5.9,8.6,2.1,116.0
Mumbai,2023-01-06,308,166.7,134.6,51.7,36.1,1.2,28.4
Mumbai,2023-01-07,339,17.4,233.1,32.7,15.2,1.4,28.5
Mumbai,2023-01-08,284,145.8,236.3,52.1,26.5,1.5,39.5
Mumbai,2023-01-09,328,207.6,122.7,83.1,4.0,1.9,70.1
Mumbai,2023-01-10,267,34.6,252.4,76.4,16.3,2.5,59.5
Mumbai,2023-01-11,228,216.9,44.4,87.2,7.6,2.1,33.1
Mumbai,2023-01-12,427,151.1,118.2,72.5,32.4,0.6,25.3
Mumbai,2023-01-13,155,205.2,245.5,59.2,27.5,1.6,28.5
Mumbai,2023-01-14,410,80.2,180.4,95.5,26.7,2.3,99.7
Mumbai,2023-01-15,119,241.1,240.0,92.3,49.6,2.2,24.0
Mumbai,2023-01-16,493,41.8,60.9,35.6,13.9,2.1,53.2
Mumbai,2023-01-17,122,148.6,95.2,44.4,23.7,1.7,106.8
Mumbai,2023-01-18,97,106.7,229.9,71.0,44.1,1.2,63.7
Mumbai,2023-01-19,347,10.6,236.8,74.6,37.1,1.3,83.1
Mumbai,2023-01-20,233,214.0,242.8,42.8,48.5,2.1,64.4
Mumbai,2023-01-21,215,208.8,114.6,59.9,29.2,1.3,47.8
Mumbai,2023-01-22,399,192.9,32.9,64.5,42.2,0.2,112.2
Mumbai,2023-01-23,130,115.9,20.2,96.0,11.7,1.8,24.5
Mumbai,2023-01-24,382,82.4,264.8,88.3,6.5,1.0,19.1
Mumbai,2023-01-25,390,226.9,66.3,42.7,16.7,1.8,35.8
Mumbai,2023-01-26,385,31.9,46.7,25.3,5.7,1.6,67.1
Mumbai,2023-01-27,277,12.2,214.8,82.6,49.4,1.2,24.5
Mumbai,2023-01-28,86,64.9,45.0,81.6,7.0,1.0,42.9
Mumbai,2023-01-29,245,195.6,230.9,17.6,49.7,0.5,68.4
Mumbai,2023-01-30,54,156.5,66.0,38.4,12.2,1.9,111.2
Mumbai,2023-01-31,365,174.8,260.8,13.2,6.8,1.9,74.9
Mumbai,2023-02-01,246,94.4,140.2,80.2,13.9,1.7,37.3
Mumbai,2023-02-02,357,154.0,190.1,79.0,35.1,2.2,82.4
Mumbai,2023-02-03,204,59.3,189.9,22.9,20.8,1.7,96.2
Mumbai,2023-02-04,456,239.1,158.6,15.7,26.0,1.6,68.1
Mumbai,2023-02-05,56,246.9,281.5,17.5,43.3,1.5,50.2
Mumbai,2023-02-06,399,51.5,151.9,98.8,5.5,1.6,11.5
Mumbai,2023-02-07,160,19.6,36.9,80.0,26.3,1.6,65.1
Mumbai,2023-02-08,262,111.7,132.6,65.9,27.8,0.6,19.2
Mumbai,2023-02-09,90,132.7,76.9,81.8,27.7,1.1,79.8
Mumbai,2023-02-10,477,166.0,200.1,34.5,23.0,2.4,36.3
Mumbai,2023-02-11,175,30.7,141.7,48.1,31.2,0.9,91.6
Mumbai,2023-02-12,429,52.2,23.5,18.0,2.5,1.3,48.1
Mumbai,2023-02-13,314,197.9,221.8,20.9,8.1,2.0,39.6
Mumbai,2023-02-14,110,195.1,28.2,81.7,15.1,0.3,88.4
Mumbai,2023-02-15,345,160.6,158.9,53.5,4.7,2.2,28.4
Mumbai,2023-02-16,130,71.2,48.8,59.5,36.7,0.7,66.0
Mumbai,2023-02-17,72,216.1,23.4,9.4,19.5,2.3,29.7
Mumbai,2023-02-18,489,18.5,244.9,72.8,33.5,0.7,37.3
Mumbai,2023-02-19,418,86.8,251.3,59.3,7.7,1.7,15.8
Mumbai,2023-02-20,164,203.0,294.8,95.6,5.3,1.3,41.1
Mumbai,2023-02-21,482,84.6,44.2,48.4,19.7,0.9,96.3
Mumbai,2023-02-22,428,159.5,149.9,61.2,25.7,2.0,31.5
Mumbai,2023-02-23,329,192.5,88.6,5.6,21.7,0.7,48.1
Mumbai,2023-02-24,479,176.4,22.7,36.8,38.4,1.1,91.2
Mumbai,2023-02-25,207,34.9,168.3,27.6,25.6,0.3,119.7
Mumbai,2023-02-26,414,77.2,32.3,27.0,42.6,1.2,108.5
Mumbai,2023-02-27,284,243.9,43.8,14.1,8.4,2.1,18.2
Mumbai,2023-02-28,340,24.9,205.5,17.4,16.0,2.2,111.9
Mumbai,2023-03-01,251,178.2,225.9,35.2,15.1,0.4,32.3
Mumbai,2023-03-02,449,194.8,50.5,15.0,23.6,0.9,23.3
Mumbai,2023-03-03,233,241.5,78.1,34.3,14.7,0.5,27.3
Mumbai,2023-03-04,401,83.0,217.3,62.3,12.3,2.2,26.3
Mumbai,2023-03-05,414,69.6,119.6,53.8,34.5,0.8,119.0
Mumbai,2023-03-06,65,238.5,259.3,57.8,28.4,0.4,21.2
Mumbai,2023-03-07,456,43.6,23.3,83.9,49.2,0.5,100.6
Mumbai,2023-03-08,240,174.7,282.5,13.0,30.1,2.3,18.2
Mumbai,2023-03-09,83,57.5,200.9,81.9,6.4,2.1,99.0
Mumbai,2023-03-10,112,20.2,149.1,21.0,29.5,2.1,53.4
Mumbai,2023-03-11,65,101.9,139.5,38.6,45.6,0.8,59.1
Mumbai,2023-03-12,126,18.3,193.4,28.3,16.2,1.1,70.6
Mumbai,2023-03-13,81,31.1,127.2,44.8,32.8,2.0,37.4
Mumbai,2023-03-14,460,140.5,25.5,41.3,36.2,1.3,96.0
Mumbai,2023-03-15,226,229.0,160.7,41.9,10.6,0.9,34.1
Mumbai,2023-03-16,465,196.8,36.4,99.2,27.4,2.0,120.0
Mumbai,2023-03-17,131,34.0,203.9,30.3,41.2,2.3,16.1
Mumbai,2023-03-18,162,148.2,295.1,41.9,46.9,2.5,29.1
Mumbai,2023-03-19,171,152.2,245.7,71.3,45.9,0.3,87.1
Mumbai,2023-03-20,340,145.3,177.7,22.9,49.4,2.2,64.1
Mumbai,2023-03-21,208,52.1,30.6,10.3,30.9,0.2,62.6
Mumbai,2023-03-22,219,230.3,76.4,17.4,36.4,2.3,102.9
Mumbai,2023-03-23,215,24.3,61.4,71.9,8.8,0.5,67.9
Mumbai,2023-03-24,236,240.5,124.6,94.5,21.0,0.4,43.2
Mumbai,2023-03-25,119,244.2,225.1,46.5,32.7,1.3,44.9
Mumbai,2023-03-26,412,242.5,214.2,93.2,39.8,0.7,74.8
Mumbai,2023-03-27,139,100.8,225.5,33.0,10.5,0.2,87.2
Mumbai,2023-03-28,343,104.0,298.4,96.7,3.6,1.6,111.3
Mumbai,2023-03-29,363,63.0,178.4,94.0,8.8,1.9,36.2
Mumbai,2023-03-30,213,50.3,267.9,13.4,36.0,1.7,107.5
Mumbai,2023-03-31,278,12.7,78.7,70.9,18.8,2.0,89.2
Mumbai,2023-04-01,74,102.6,225.1,97.1,44.5,1.3,51.7
Mumbai,2023-04-02,329,100.1,252.1,79.9,29.7,1.9,34.8
Mumbai,2023-04-03,281,27.7,256.8,33.0,17.3,2.4,18.2
Mumbai,2023-04-04,137,223.1,65.1,12.1,47.2,2.4,47.2
Mumbai,2023-04-05,364,224.4,217.3,46.0,33.4,1.6,57.8
Mumbai,2023-04-06,77,34.3,77.6,23.0,35.5,1.9,90.3
Mumbai,2023-04-07,185,168.5,103.3,14.1,20.9,1.5,64.0
Mumbai,2023-04-08,77,96.6,139.7,33.0,33.8,1.6,32.0
Mumbai,2023-04-09,63,59.7,198.7,97.8,24.7,0.5,96.3
Mumbai,2023-04-10,291,127.4,205.1,13.7,28.1,0.6,107.4
Mumbai,2023-04-11,239,54.8,32.5,46.8,14.6,2.1,72.1
Mumbai,2023-04-12,127,190.5,206.9,13.1,18.5,1.4,116.8
Mumbai,2023-04-13,351,64.6,37.1,41.8,27.1,2.4,85.6
Mumbai,2023-04-14,293,147.5,86.0,33.4,21.0,2.2,13.8
Mumbai,2023-04-15,342,226.1,244.1,69.4,31.8,0.5,93.3
Mumbai,2023-04-16,138,237.8,66.8,25.1,11.3,0.3,18.6
Mumbai,2023-04-17,399,114.5,299.2,64.6,42.0,0.8,110.2
Mumbai,2023-04-18,463,26.1,128.7,42.7,17.7,0.8,60.4
Mumbai,2023-04-19,497,13.0,216.1,60.8,39.5,0.5,26.5
Mumbai,2023-04-20,340,151.1,232.3,94.3,46.4,1.5,21.1
Mumbai,2023-04-21,196,218.2,266.4,88.4,14.7,1.7,72.9
Mumbai,2023-04-22,292,19.0,97.1,18.7,31.2,1.8,14.3
Mumbai,2023-04-23,500,89.6,86.5,75.8,46.2,2.3,12.2
Mumbai,2023-04-24,468,200.5,107.1,85.1,43.2,1.8,117.0
Mumbai,2023-04-25,166,42.3,292.8,47.1,41.6,0.8,55.8
Mumbai,2023-04-26,380,31.4,143.7,91.8,21.5,1.3,66.8
Mumbai,2023-04-27,241,207.0,164.3,20.1,16.9,1.4,24.9
Mumbai,2023-04-28,485,135.8,179.2,21.5,44.0,0.7,16.3
Mumbai,2023-04-29,66,119.5,277.0,71.9,15.2,2.1,65.6
Mumbai,2023-04-30,375,231.5,210.7,28.0,25.5,1.2,115.7
Mumbai,2023-05-01,292,150.9,117.9,20.5,44.9,1.9,85.8
Mumbai,2023-05-02,195,16.6,33.9,86.1,39.4,0.7,34.3
Mumbai,2023-05-03,165,172.6,95.3,43.9,3.0,2.0,94.4
Mumbai,2023-05-04,54,123.8,57.0,21.5,40.4,0.7,76.9
Mumbai,2023-05-05,206,181.1,218.6,31.2,45.0,2.2,60.5
Mumbai,2023-05-06,161,122.0,209.6,83.3,21.1,0.4,66.3
Mumbai,2023-05-07,389,242.0,255.0,58.3,30.5,0.9,85.3
Mumbai,2023-05-08,296,25.3,296.7,65.9,43.4,0.8,88.2
Mumbai,2023-05-09,383,81.7,62.0,77.7,45.2,2.1,98.3
Mumbai,2023-05-10,357,107.0,109.5,18.3,3.2,1.3,42.5
Mumbai,2023-05-11,264,107.1,226.3,60.4,49.7,2.1,47.7
Mumbai,2023-05-12,415,63.4,169.7,79.6,45.5,1.7,65.8
Mumbai,2023-05-13,482,50.8,204.1,58.0,16.1,1.3,91.5
Mumbai,2023-05-14,421,204.0,233.6,22.4,34.6,1.0,19.8
Mumbai,2023-05-15,231,63.6,264.0,44.9,44.6,1.1,74.4
Mumbai,2023-05-16,287,214.3,151.8,87.3,30.0,2.4,17.8
Mumbai,2023-05-17,149,130.1,262.9,41.3,16.3,0.3,104.0
Mumbai,2023-05-18,120,248.2,115.9,98.8,44.9,2.5,25.8
Mumbai,2023-05-19,491,181.8,238.1,51.3,32.3,0.6,79.8
Mumbai,2023-05-20,52,118.5,78.6,78.5,29.7,0.6,96.4
Mumbai,2023-05-21,449,31.1,192.1,65.2,21.4,2.4,52.2
Mumbai,2023-05-22,69,138.1,224.6,95.3,44.8,1.9,68.4
Mumbai,2023-05-23,59,172.4,195.5,28.6,35.3,1.0,24.2
Mumbai,2023-05-24,246,130.8,105.7,11.2,4.2,2.4,60.2
Mumbai,2023-05-25,316,153.1,114.6,89.4,49.8,1.0,109.2
Mumbai,2023-05-26,233,190.0,66.2,91.2,41.0,0.2,34.7
Mumbai,2023-05-27,117,60.7,26.1,52.9,7.9,1.8,97.1
Mumbai,2023-05-28,242,220.4,91.6,55.8,4.3,2.5,82.8
Mumbai,2023-05-29,384,210.7,33.5,16.0,23.3,0.5,37.8
Mumbai,2023-05-30,409,46.8,214.7,64.9,16.5,1.7,82.9
Mumbai,2023-05-31,188,159.5,216.2,44.8,45.1,1.4,77.9
Mumbai,2023-06-01,194,37.4,49.8,23.9,11.6,0.8,67.5
Mumbai,2023-06-02,153,95.9,134.7,20.2,28.3,2.3,85.7
Mumbai,2023-06-03,296,89.3,20.8,68.8,45.5,2.1,83.6
Mumbai,2023-06-04,126,237.9,238.3,12.1,36.7,2.3,80.9
Mumbai,2023-06-05,283,247.3,102.9,49.1,6.8,0.6,14.3
Mumbai,2023-06-06,198,96.5,209.5,45.5,7.6,2.2,107.9
Mumbai,2023-06-07,54,214.5,205.7,21.2,19.2,1.2,78.4
Mumbai,2023-06-08,499,185.9,124.3,37.6,7.5,1.1,60.2
Mumbai,2023-06-09,477,102.6,258.2,81.0,33.1,2.0,22.4
Mumbai,2023-06-10,406,184.3,294.8,85.2,7.0,2.3,63.1
Mumbai,2023-06-11,341,172.8,70.8,41.1,19.2,0.3,85.3
Mumbai,2023-06-12,479,184.5,269.7,50.9,25.4,2.2,58.5
Mumbai,2023-06-13,82,72.8,108.0,71.9,34.5,2.0,73.4
Mumbai,2023-06-14,339,63.8,287.6,87.9,26.9,1.8,78.0
Mumbai,2023-06-15,271,168.8,89.6,37.8,34.5,1.1,102.3
Mumbai,2023-06-16,335,224.1,191.6,6.1,46.8,1.4,61.6
Mumbai,2023-06-17,303,218.7,41.0,51.7,13.6,2.4,15.5
Mumbai,2023-06-18,164,142.1,126.0,82.6,5.8,1.2,73.0
Mumbai,2023-06-19,95,215.6,145.2,16.3,25.9,1.7,21.3
Mumbai,2023-06-20,261,18.6,173.7,83.5,40.0,2.4,80.1
Mumbai,2023-06-21,310,145.0,203.3,48.3,18.4,2.1,99.8
Mumbai,2023-06-22,482,119.1,176.8,63.9,24.7,1.7,88.8
Mumbai,2023-06-23,108,33.4,204.5,5.2,19.0,1.7,98.0
Mumbai,2023-06-24,330,135.3,216.6,9.3,9.9,0.5,88.9
Mumbai,2023-06-25,419,108.2,91.2,23.6,7.8,2.2,33.7
Mumbai,2023-06-26,472,197.5,220.7,15.2,21.9,2.3,102.1
Mumbai,2023-06-27,351,39.6,269.7,48.5,30.3,1.4,116.0
Mumbai,2023-06-28,52,137.3,33.6,93.9,42.3,1.3,65.9
Mumbai,2023-06-29,140,176.0,68.6,82.4,7.0,1.7,76.7
Mumbai,2023-06-30,214,131.0,127.7,98.1,46.0,2.0,40.1
Mumbai,2023-07-01,225,242.9,146.8,17.7,21.8,1.8,92.3
Mumbai,2023-07-02,203,212.3,173.4,34.8,37.4,1.5,33.9
Mumbai,2023-07-03,157,159.8,101.4,37.8,34.3,2.5,81.5
Mumbai,2023-07-04,141,130.9,214.4,35.6,7.5,1.0,62.8
Mumbai,2023-07-05,342,236.2,218.8,69.1,44.9,1.4,106.5
Mumbai,2023-07-06,266,204.0,166.4,7.4,9.0,1.7,32.0
Mumbai,2023-07-07,434,198.5,295.4,69.9,9.0,0.3,96.3
Mumbai,2023-07-08,154,190.9,29.0,82.3,6.9,2.2,91.3
Mumbai,2023-07-09,492,63.8,201.2,41.9,26.5,2.0,86.6
Mumbai,2023-07-10,404,169.5,279.4,41.8,47.9,2.4,44.4
Mumbai,2023-07-11,332,22.9,228.2,24.3,43.7,2.2,58.7
Mumbai,2023-07-12,165,228.8,217.3,66.5,38.2,1.5,76.4
Mumbai,2023-07-13,447,184.0,74.2,47.6,49.2,0.4,115.9
Mumbai,2023-07-14,426,133.3,125.6,45.7,28.7,0.5,74.2
Mumbai,2023-07-15,180,11.4,150.6,94.1,3.9,2.3,75.7
Mumbai,2023-07-16,446,233.8,192.4,67.9,25.5,1.5,49.4
Mumbai,2023-07-17,451,179.8,167.1,95.9,27.0,2.0,27.5
Mumbai,2023-07-18,328,138.9,45.7,26.0,12.2,1.0,49.7
Mumbai,2023-07-19,161,238.1,193.1,50.1,28.9,1.9,81.4
Mumbai,2023-07-20,108,170.5,144.8,90.9,31.5,1.6,115.5
Mumbai,2023-07-21,399,222.6,126.8,80.6,7.4,0.8,89.6
Mumbai,2023-07-22,62,228.7,250.2,40.6,40.5,1.2,14.8
Mumbai,2023-07-23,383,56.2,163.9,95.1,10.0,2.4,69.2
Mumbai,2023-07-24,53,160.5,79.0,64.8,12.2,1.8,101.9
Mumbai,2023-07-25,155,139.1,216.8,97.7,39.2,1.7,113.4
Mumbai,2023-07-26,432,174.7,26.7,73.1,3.8,0.4,29.6
Mumbai,2023-07-27,178,143.9,181.0,26.6,14.4,1.1,79.3
Mumbai,2023-07-28,271,85.9,129.1,16.2,2.3,1.9,17.0
Mumbai,2023-07-29,431,150.5,216.2,11.9,46.5,0.4,96.6
Mumbai,2023-07-30,204,155.6,98.8,93.0,20.3,2.1,13.4
Mumbai,2023-07-31,130,138.0,58.2,42.1,40.3,1.5,115.6
Mumbai,2023-08-01,123,81.5,268.4,96.7,43.6,1.7,115.3
Mumbai,2023-08-02,55,142.8,175.4,16.7,2.2,1.6,69.1
Mumbai,2023-08-03,93,83.1,229.5,90.8,18.5,1.1,81.1
Mumbai,2023-08-04,312,44.2,71.5,63.6,14.1,0.5,83.8
Mumbai,2023-08-05,340,214.5,258.4,93.6,49.7,1.3,70.5
Mumbai,2023-08-06,198,171.2,90.2,23.8,29.9,2.4,49.3
Mumbai,2023-08-07,393,167.3,48.0,63.9,45.2,0.9,59.6
Mumbai,2023-08-08,365,168.3,214.2,19.5,29.2,2.1,115.5
Mumbai,2023-08-09,136,11.2,88.9,26.0,37.5,1.2,102.4
Mumbai,2023-08-10,118,173.1,112.8,50.6,23.4,2.0,63.6
Mumbai,2023-08-11,105,52.2,189.9,85.0,43.2,0.5,69.2
Mumbai,2023-08-12,184,186.1,195.5,74.1,44.8,2.2,79.5
Mumbai,2023-08-13,466,149.7,133.4,61.1,45.5,1.5,69.8
Mumbai,2023-08-14,326,123.3,237.1,39.8,12.7,2.0,90.7
Mumbai,2023-08-15,198,42.1,160.3,13.6,19.5,0.2,36.3
Mumbai,2023-08-16,462,245.6,211.6,76.9,8.7,0.6,72.3
Mumbai,2023-08-17,339,168.3,291.0,74.9,25.2,1.0,34.1
Mumbai,2023-08-18,299,65.6,94.0,27.2,34.1,1.4,97.1
Mumbai,2023-08-19,248,122.7,147.3,9.4,49.1,0.9,87.4
Mumbai,2023-08-20,316,162.1,96.6,75.5,29.8,1.5,51.4
Mumbai,2023-08-21,243,97.7,202.9,84.4,26.8,1.1,109.8
Mumbai,2023-08-22,314,107.4,248.8,37.8,40.0,2.2,10.7
Mumbai,2023-08-23,121,115.6,84.4,53.9,15.5,0.5,27.3
Mumbai,2023-08-24,358,182.2,53.1,26.9,40.9,1.9,63.0
Mumbai,2023-08-25,295,125.0,185.4,66.5,21.7,0.8,24.1
Mumbai,2023-08-26,353,48.7,196.3,8.7,29.5,0.3,38.4
Mumbai,2023-08-27,142,134.0,133.5,97.1,32.6,2.2,90.1
Mumbai,2023-08-28,470,78.0,44.0,47.7,49.7,2.2,28.8
Mumbai,2023-08-29,475,108.6,60.0,60.4,38.8,1.6,66.2
Mumbai,2023-08-30,135,183.8,115.9,48.1,30.3,0.7,52.4
Mumbai,2023-08-31,105,14.0,166.4,91.4,34.8,2.1,76.6
Mumbai,2023-09-01,140,124.2,192.1,8.7,39.6,1.4,22.9
Mumbai,2023-09-02,296,168.3,272.6,56.2,2.1,2.4,84.6
Mumbai,2023-09-03,270,135.3,123.7,9.1,27.4,0.7,98.3
Mumbai,2023-09-04,454,194.5,118.1,81.4,45.6,2.1,73.4
Mumbai,2023-09-05,267,42.1,153.6,27.1,43.2,0.9,106.4
Mumbai,2023-09-06,259,71.9,21.5,75.6,2.3,1.4,67.2
Mumbai,2023-09-07,242,167.1,212.6,35.0,19.4,0.6,81.7
Mumbai,2023-09-08,179,72.7,170.1,58.6,31.4,2.5,53.7
Mumbai,2023-09-09,154,109.2,239.5,50.8,19.8,1.5,37.9
Mumbai,2023-09-10,207,148.6,236.8,42.8,8.6,2.2,23.1
Mumbai,2023-09-11,167,117.2,215.8,20.4,12.3,1.1,47.2
Mumbai,2023-09-12,331,157.4,211.7,9.9,20.7,1.7,98.5
Mumbai,2023-09-13,471,44.9,279.2,46.4,5.1,0.7,18.8
Mumbai,2023-09-14,69,183.9,280.6,43.1,33.5,0.9,116.0
Mumbai,2023-09-15,79,237.0,249.7,65.8,23.1,0.7,82.3
Mumbai,2023-09-16,461,134.4,74.5,79.5,26.5,1.8,77.7
Mumbai,2023-09-17,395,18.7,87.0,5.0,9.6,2.5,95.8
Mumbai,2023-09-18,230,170.7,133.5,24.0,2.7,1.8,111.1
Mumbai,2023-09-19,331,78.3,252.3,91.9,18.7,2.4,40.4
Mumbai,2023-09-20,360,241.1,147.3,43.4,2.2,0.6,65.7
Mumbai,2023-09-21,336,27.4,102.4,95.0,40.5,2.4,106.4
Mumbai,2023-09-22,466,200.4,90.0,47.1,20.1,1.3,36.8
Mumbai,2023-09-23,223,240.7,148.5,48.8,30.2,0.3,22.8
Mumbai,2023-09-24,84,101.8,240.8,25.9,35.7,2.0,55.4
Mumbai,2023-09-25,230,134.0,22.7,84.1,13.9,0.4,84.1
Mumbai,2023-09-26,470,92.1,175.3,22.0,17.1,0.7,73.1
Mumbai,2023-09-27,143,237.3,211.3,91.4,26.0,0.7,90.9
Mumbai,2023-09-28,496,73.7,84.2,84.3,42.1,1.0,95.7
Mumbai,2023-09-29,111,230.8,209.2,68.0,31.5,2.0,69.6
Mumbai,2023-09-30,71,213.5,123.9,35.0,45.1,2.2,73.2
Mumbai,2023-10-01,190,127.8,295.6,92.0,15.5,0.7,73.4
Mumbai,2023-10-02,77,136.2,138.5,94.3,3.6,1.0,104.6
Mumbai,2023-10-03,447,52.0,293.4,71.3,24.1,1.8,11.3
Mumbai,2023-10-04,157,101.1,48.2,39.4,43.4,0.6,38.9
Mumbai,2023-10-05,187,123.1,191.7,39.8,25.9,0.7,87.1
Mumbai,2023-10-06,240,97.6,132.2,47.8,29.4,2.5,85.5
Mumbai,2023-10-07,466,34.0,95.6,27.4,22.7,1.1,26.0
Mumbai,2023-10-08,428,45.9,245.6,21.8,26.0,2.5,103.4
Mumbai,2023-10-09,314,138.2,108.4,51.2,14.0,2.2,15.2
Mumbai,2023-10-10,100,175.7,36.8,82.3,24.9,1.6,59.5
Mumbai,2023-10-11,221,72.3,120.9,58.0,40.9,1.0,55.3
Mumbai,2023-10-12,229,218.2,289.7,23.9,29.6,1.7,29.2
Mumbai,2023-10-13,449,78.3,111.0,53.5,39.2,1.2,18.6
Mumbai,2023-10-14,364,78.8,196.9,18.8,10.0,2.1,47.1
Mumbai,2023-10-15,373,157.0,133.3,91.2,5.8,1.0,44.5
Mumbai,2023-10-16,384,79.9,94.9,66.2,15.0,1.2,104.9
Mumbai,2023-10-17,235,189.5,165.9,47.8,10.0,2.2,23.8
Mumbai,2023-10-18,170,168.9,283.3,71.6,5.8,0.6,21.3
Mumbai,2023-10-19,82,234.8,152.5,10.1,39.0,1.4,119.6
Mumbai,2023-10-20,103,73.0,63.5,67.2,44.5,0.9,37.2
Mumbai,2023-10-21,195,116.4,55.4,55.0,10.2,0.3,49.3
Mumbai,2023-10-22,216,217.4,150.8,87.7,46.9,1.5,24.9
Mumbai,2023-10-23,407,139.4,185.4,48.4,37.9,2.2,57.8
Mumbai,2023-10-24,377,163.5,106.7,38.0,27.9,2.1,58.6
Mumbai,2023-10-25,237,108.9,63.6,6.0,27.1,1.9,25.0
Mumbai,2023-10-26,196,122.6,22.3,92.6,47.5,1.3,11.0
Mumbai,2023-10-27,270,201.5,187.2,80.7,28.3,0.6,107.0
Mumbai,2023-10-28,273,104.7,65.7,75.0,20.7,1.1,38.9
Mumbai,2023-10-29,266,160.1,164.7,81.0,31.4,1.8,39.9
Mumbai,2023-10-30,382,188.3,246.5,44.2,43.0,0.6,41.9
Mumbai,2023-10-31,376,119.3,146.8,71.5,25.6,0.9,26.7
Mumbai,2023-11-01,323,15.3,292.3,31.8,8.0,1.2,10.9
Mumbai,2023-11-02,96,46.2,158.2,37.5,17.0,2.0,119.8
Mumbai,2023-11-03,287,177.3,28.9,12.6,38.0,0.5,39.3
Mumbai,2023-11-04,250,27.1,151.6,23.3,42.4,2.1,101.1
Mumbai,2023-11-05,112,243.9,220.1,41.6,48.8,0.8,119.4
Mumbai,2023-11-06,151,120.6,235.9,54.5,49.1,1.3,85.0
Mumbai,2023-11-07,209,234.7,64.4,74.2,37.7,1.5,23.4
Mumbai,2023-11-08,296,163.2,75.6,89.3,43.5,0.7,22.4
Mumbai,2023-11-09,374,114.2,24.2,80.5,30.1,1.1,36.7
Mumbai,2023-11-10,71,149.5,213.4,70.4,9.4,2.0,37.4
Mumbai,2023-11-11,305,31.9,193.2,93.4,49.9,1.6,16.6
Mumbai,2023-11-12,380,46.9,170.2,15.2,25.4,0.9,71.4
Mumbai,2023-11-13,380,191.6,245.5,46.7,11.3,1.8,49.4
Mumbai,2023-11-14,118,70.2,31.1,72.1,28.8,1.4,63.9
Mumbai,2023-11-15,340,54.8,117.3,74.6,15.2,2.1,110.6
Mumbai,2023-11-16,333,48.5,168.7,47.7,41.3,1.4,59.9
Mumbai,2023-11-17,447,163.1,126.1,22.6,2.9,2.2,95.4
Mumbai,2023-11-18,172,87.0,37.7,96.9,41.3,0.6,85.2
Mumbai,2023-11-19,442,142.4,191.7,35.6,32.8,0.5,67.6
Mumbai,2023-11-20,84,20.5,282.6,22.0,3.5,0.4,31.1
Mumbai,2023-11-21,66,147.0,254.2,67.5,27.2,1.8,38.2
Mumbai,2023-11-22,237,63.0,221.0,6.2,46.2,1.7,112.1
Mumbai,2023-11-23,476,29.2,244.3,10.8,28.8,2.4,55.8
Mumbai,2023-11-24,238,200.6,36.3,63.6,27.4,1.9,101.8
Mumbai,2023-11-25,89,236.7,289.0,14.2,36.8,1.4,30.8
Mumbai,2023-11-26,319,167.7,179.6,95.0,28.8,1.5,92.1
Mumbai,2023-11-27,442,163.3,120.2,48.6,33.9,2.2,28.3
Mumbai,2023-11-28,142,142.0,161.3,67.5,27.6,1.6,112.7
Mumbai,2023-11-29,211,142.0,299.1,85.3,21.8,1.7,100.9
Mumbai,2023-11-30,215,156.0,177.7,25.3,38.8,2.3,37.9
Mumbai,2023-12-01,281,117.4,131.2,74.0,49.2,1.6,66.9
Mumbai,2023-12-02,204,11.6,295.6,25.4,17.1,2.0,113.8
Mumbai,2023-12-03,471,76.2,175.0,57.9,46.4,0.6,14.2
Mumbai,2023-12-04,232,47.5,94.2,89.5,14.0,0.8,43.0
Mumbai,2023-12-05,342,106.0,277.0,74.8,36.7,2.0,29.0
Mumbai,2023-12-06,472,225.8,216.8,82.9,6.6,1.7,14.1
Mumbai,2023-12-07,463,148.3,42.0,10.3,39.0,1.0,99.9
Mumbai,2023-12-08,263,233.3,53.8,78.2,37.9,2.2,112.2
Mumbai,2023-12-09,374,196.6,127.1,34.0,4.0,1.4,26.5
Mumbai,2023-12-10,307,177.5,62.9,69.0,49.9,2.4,92.8
Mumbai,2023-12-11,344,131.1,82.2,32.5,20.9,0.5,19.1
Mumbai,2023-12-12,342,188.9,173.5,29.9,21.1,1.2,86.8
Mumbai,2023-12-13,440,42.4,176.6,51.3,33.3,0.7,77.8
Mumbai,2023-12-14,426,135.8,87.8,30.3,22.6,1.8,73.4
Mumbai,2023-12-15,107,171.2,138.6,38.1,17.4,1.6,12.7
Mumbai,2023-12-16,206,50.6,117.9,83.1,40.5,1.6,58.5
Mumbai,2023-12-17,468,66.0,211.9,19.8,37.0,0.4,91.4
Mumbai,2023-12-18,174,237.7,279.5,87.5,41.4,0.2,86.3
Mumbai,2023-12-19,106,83.2,151.9,36.5,37.5,0.7,70.1
Mumbai,2023-12-20,434,72.1,155.2,74.3,8.8,1.8,12.0
Mumbai,2023-12-21,348,227.4,167.5,29.3,4.9,0.7,86.6
Mumbai,2023-12-22,188,22.7,203.3,5.8,20.7,0.8,103.7
Mumbai,2023-12-23,387,96.5,50.2,32.8,44.4,1.1,117.8
Mumbai,2023-12-24,310,244.4,47.9,35.0,43.6,1.4,30.5
Mumbai,2023-12-25,306,242.0,177.0,72.7,3.9,2.3,43.5
Mumbai,2023-12-26,300,104.4,64.0,37.9,18.9,1.6,36.0
Mumbai,2023-12-27,306,76.2,37.4,29.5,20.6,2.5,118.9
Mumbai,2023-12-28,334,237.8,83.2,37.5,20.9,0.5,90.3
Mumbai,2023-12-29,316,240.5,191.5,64.4,12.9,0.8,26.8
Mumbai,2023-12-30,209,228.3,112.2,56.5,11.9,0.5,69.5
Mumbai,2023-12-31,459,58.6,58.7,70.4,45.1,2.3,57.3
Chennai,2023-01-01,444,44.8,281.2,92.1,17.2,1.5,114.3
Chennai,2023-01-02,110,54.2,255.1,18.8,3.4,0.9,117.0
Chennai,2023-01-03,260,82.8,228.8,83.1,32.6,1.9,26.7
Chennai,2023-01-04,146,35.6,71.7,77.4,31.4,0.8,72.4
Chennai,2023-01-05,168,153.1,84.7,7.5,5.8,2.0,24.7
Chennai,2023-01-06,483,155.1,219.4,40.5,42.9,1.3,25.1
Chennai,2023-01-07,148,64.3,134.4,97.0,46.4,2.4,34.5
Chennai,2023-01-08,393,247.2,232.2,11.3,46.5,2.5,105.4
Chennai,2023-01-09,300,175.1,262.7,89.3,22.5,2.0,76.9
Chennai,2023-01-10,472,101.3,107.6,63.1,37.6,1.6,67.8
Chennai,2023-01-11,498,179.0,30.8,15.4,23.9,2.2,106.6
Chennai,2023-01-12,175,134.5,130.8,74.8,28.8,1.4,79.4
Chennai,2023-01-13,75,55.6,143.1,89.0,39.1,0.9,28.3
Chennai,2023-01-14,200,157.2,35.3,54.1,8.8,2.1,59.7
Chennai,2023-01-15,419,130.2,70.3,60.6,44.9,1.5,53.2
Chennai,2023-01-16,215,118.2,70.1,61.1,36.2,0.7,60.0
Chennai,2023-01-17,178,87.8,201.6,72.6,9.9,1.9,20.0
Chennai,2023-01-18,411,117.9,121.6,54.8,20.4,2.0,66.3
Chennai,2023-01-19,131,100.9,126.6,78.0,45.8,1.5,82.5
Chennai,2023-01-20,126,48.9,60.5,78.1,4.5,0.9,90.3
Chennai,2023-01-21,278,79.3,70.6,90.4,48.1,0.2,94.2
Chennai,2023-01-22,56,120.1,259.5,56.6,2.3,2.2,36.2
Chennai,2023-01-23,351,168.3,147.0,47.0,30.9,0.2,107.0
Chennai,2023-01-24,192,158.7,176.1,83.4,4.3,0.5,81.9
Chennai,2023-01-25,68,44.9,29.1,59.9,31.0,1.0,19.6
Chennai,2023-01-26,105,110.1,69.9,68.8,31.3,1.8,75.4
Chennai,2023-01-27,453,144.9,290.6,76.2,19.3,0.3,94.5
Chennai,2023-01-28,215,98.5,126.1,11.4,22.5,1.5,42.2
Chennai,2023-01-29,118,39.3,260.6,36.3,21.9,0.7,33.0
Chennai,2023-01-30,79,36.2,224.3,64.8,49.4,1.3,85.8
Chennai,2023-01-31,453,246.7,100.4,62.8,17.2,1.4,119.5
Chennai,2023-02-01,231,232.5,192.0,52.2,37.0,1.3,98.9
Chennai,2023-02-02,362,65.9,101.3,23.4,7.7,1.3,97.6
Chennai,2023-02-03,427,213.5,243.9,99.9,21.9,1.0,71.6
Chennai,2023-02-04,376,61.0,199.4,70.6,14.2,0.4,43.0
Chennai,2023-02-05,331,87.7,21.7,70.2,18.4,1.9,77.8
Chennai,2023-02-06,64,209.7,74.3,84.2,46.3,1.3,62.2
Chennai,2023-02-07,68,165.0,154.8,64.6,44.8,1.4,46.9
Chennai,2023-02-08,451,205.4,279.8,10.3,27.0,1.5,84.6
Chennai,2023-02-09,334,138.6,78.3,70.1,40.4,2.2,48.9
Chennai,2023-02-10,126,77.3,28.7,98.4,32.1,2.1,72.8
Chennai,2023-02-11,249,55.0,52.7,79.3,16.8,2.2,88.1
Chennai,2023-02-12,189,109.3,159.2,27.6,23.7,2.4,33.8
Chennai,2023-02-13,204,52.0,124.8,8.6,11.7,0.4,65.7
Chennai,2023-02-14,459,125.8,160.0,23.1,46.3,1.9,67.6
Chennai,2023-02-15,447,88.6,235.5,14.3,49.1,1.4,119.2
Chennai,2023-02-16,155,183.9,148.6,72.8,27.1,0.2,112.6
Chennai,2023-02-17,401,213.5,264.1,36.7,44.7,0.4,94.3
Chennai,2023-02-18,431,85.0,181.7,34.7,44.8,0.9,31.2
Chennai,2023-02-19,191,137.7,236.4,68.8,15.1,0.6,22.6
Chennai,2023-02-20,368,144.3,48.7,56.5,28.4,0.8,113.8
Chennai,2023-02-21,461,78.0,88.6,11.8,31.4,1.0,58.8
Chennai,2023-02-22,116,17.0,272.9,9.8,20.4,0.4,53.1
Chennai,2023-02-23,410,153.1,186.0,84.4,35.6,1.6,44.4
Chennai,2023-02-24,468,57.6,232.4,81.9,5.8,2.3,94.1
Chennai,2023-02-25,340,41.6,247.6,92.4,24.5,1.2,85.3
Chennai,2023-02-26,413,194.0,151.8,95.0,8.9,2.3,38.4
Chennai,2023-02-27,236,104.1,215.9,68.2,39.9,2.2,59.9
Chennai,2023-02-28,65,25.7,51.6,50.5,42.6,0.8,48.3
Chennai,2023-03-01,344,40.6,48.8,82.7,40.2,0.9,81.4
Chennai,2023-03-02,455,82.5,149.1,61.1,13.5,0.8,27.5
Chennai,2023-03-03,296,102.1,115.4,82.3,30.4,2.0,57.9
Chennai,2023-03-04,453,92.1,214.4,21.4,34.1,1.9,88.3
Chennai,2023-03-05,478,126.8,185.8,49.0,28.6,2.1,29.4
Chennai,2023-03-06,257,26.7,50.4,82.3,39.0,1.1,64.4
Chennai,2023-03-07,388,24.8,80.9,18.2,29.9,1.9,99.1
Chennai,2023-03-08,437,45.2,61.8,55.5,20.7,1.5,31.5
Chennai,2023-03-09,398,220.6,103.9,80.5,34.6,2.3,113.0
Chennai,2023-03-10,417,245.8,116.4,13.5,2.4,2.5,54.5
Chennai,2023-03-11,115,214.6,37.5,90.6,48.5,0.2,71.6
Chennai,2023-03-12,233,36.3,99.0,8.0,22.7,1.6,78.8
Chennai,2023-03-13,414,101.9,126.8,56.8,33.8,1.3,30.7
Chennai,2023-03-14,246,212.4,120.9,44.6,15.8,2.2,23.8
Chennai,2023-03-15,55,27.2,24.4,73.5,25.4,1.2,118.9
Chennai,2023-03-16,93,42.9,245.7,86.7,44.9,1.8,112.3
Chennai,2023-03-17,369,53.2,162.6,57.4,23.6,1.0,30.4
Chennai,2023-03-18,359,11.8,159.5,74.4,36.2,0.8,111.9
Chennai,2023-03-19,345,98.1,293.9,59.0,35.8,0.5,63.0
Chennai,2023-03-20,403,29.2,224.5,55.0,43.2,1.9,40.7
Chennai,2023-03-21,314,28.8,269.2,13.4,24.7,1.9,115.6
Chennai,2023-03-22,89,174.2,171.0,60.1,31.4,2.3,68.9
Chennai,2023-03-23,55,122.5,163.5,49.6,37.2,1.2,115.7
Chennai,2023-03-24,458,80.7,66.9,71.0,30.7,0.9,96.4
Chennai,2023-03-25,183,24.7,152.5,21.1,4.5,2.5,99.0
Chennai,2023-03-26,369,16.6,155.7,17.0,5.7,2.0,37.7
Chennai,2023-03-27,365,77.4,260.2,6.3,7.4,0.6,75.1
Chennai,2023-03-28,127,168.2,123.5,21.7,39.6,0.7,29.9
Chennai,2023-03-29,320,216.9,116.0,13.0,9.0,2.3,27.0
Chennai,2023-03-30,303,190.7,135.6,41.4,33.7,1.9,28.4
Chennai,2023-03-31,345,186.2,116.6,66.0,38.3,0.5,28.4
Chennai,2023-04-01,254,124.3,153.4,95.1,46.3,0.7,85.2
Chennai,2023-04-02,249,123.9,60.6,87.7,2.6,2.3,59.4
Chennai,2023-04-03,397,85.8,168.5,95.8,6.7,1.4,48.9
Chennai,2023-04-04,482,113.6,277.1,86.5,18.1,0.8,20.8
Chennai,2023-04-05,385,150.2,149.1,69.2,13.6,1.7,94.8
Chennai,2023-04-06,316,91.0,213.3,22.1,28.3,1.7,101.5
Chennai,2023-04-07,56,108.7,167.1,70.1,18.9,1.9,37.7
Chennai,2023-04-08,67,15.7,45.7,94.2,33.5,2.1,114.6
Chennai,2023-04-09,376,39.2,288.2,13.2,31.0,1.1,94.0
Chennai,2023-04-10,381,145.9,290.8,90.1,35.4,0.8,61.4
Chennai,2023-04-11,88,163.3,278.4,31.3,22.5,2.3,94.7
Chennai,2023-04-12,215,71.8,238.6,31.3,5.0,1.1,119.6
Chennai,2023-04-13,182,239.3,94.1,46.9,25.6,2.3,77.1
Chennai,2023-04-14,141,164.9,50.4,56.4,22.7,1.6,21.7
Chennai,2023-04-15,276,181.7,48.9,11.9,29.4,0.8,59.0
Chennai,2023-04-16,304,45.7,199.3,93.6,33.9,0.8,87.0
Chennai,2023-04-17,250,147.9,164.3,94.3,25.6,1.2,102.8
Chennai,2023-04-18,449,204.9,39.6,26.5,20.5,1.8,95.8
Chennai,2023-04-19,112,146.1,281.8,39.1,34.7,1.1,79.5
Chennai,2023-04-20,381,31.8,169.7,96.3,5.9,1.3,94.3
Chennai,2023-04-21,381,58.7,175.3,96.9,33.7,0.9,52.9
Chennai,2023-04-22,104,161.3,120.6,13.1,32.4,1.9,25.4
Chennai,2023-04-23,148,16.1,299.0,27.7,20.7,2.0,80.8
Chennai,2023-04-24,305,138.1,253.6,47.7,49.8,0.3,16.2
Chennai,2023-04-25,453,183.0,133.5,25.1,33.4,1.4,113.4
Chennai,2023-04-26,495,219.8,61.7,60.0,46.4,0.3,25.6
Chennai,2023-04-27,384,14.6,274.0,63.7,13.6,1.7,11.6
Chennai,2023-04-28,373,22.0,106.1,80.4,23.9,0.6,75.0
Chennai,2023-04-29,468,206.2,52.0,61.5,31.6,0.3,32.3
Chennai,2023-04-30,222,204.8,295.0,69.4,17.6,2.4,73.4
Chennai,2023-05-01,120,87.2,290.1,25.3,4.2,0.6,17.0
Chennai,2023-05-02,190,43.9,136.2,71.1,28.6,1.2,111.8
Chennai,2023-05-03,70,42.0,241.5,65.1,20.1,0.6,106.8
Chennai,2023-05-04,91,11.5,70.2,13.5,33.3,2.2,55.8
Chennai,2023-05-05,463,200.1,153.3,17.1,8.9,0.8,59.5
Chennai,2023-05-06,172,235.1,191.0,8.6,10.6,1.3,114.5
Chennai,2023-05-07,371,208.4,104.3,44.8,28.8,0.6,118.5
Chennai,2023-05-08,98,158.5,261.6,98.7,26.4,1.3,78.9
Chennai,2023-05-09,156,76.3,74.2,80.7,34.9,2.4,62.2
Chennai,2023-05-10,140,48.3,278.3,10.1,19.5,0.7,37.7
Chennai,2023-05-11,365,203.2,232.4,9.1,37.5,2.3,29.3
Chennai,2023-05-12,452,17.0,164.2,11.7,13.3,1.2,73.8
Chennai,2023-05-13,264,57.7,209.5,35.9,39.4,1.0,20.8
Chennai,2023-05-14,427,109.0,76.0,89.7,5.5,1.5,16.0
Chennai,2023-05-15,273,44.8,279.8,48.2,20.6,0.5,89.2
Chennai,2023-05-16,373,96.1,95.5,36.9,3.5,1.5,40.9
Chennai,2023-05-17,106,214.4,148.4,21.3,18.5,2.2,76.4
Chennai,2023-05-18,454,200.7,286.8,91.0,29.7,1.5,35.3
Chennai,2023-05-19,260,215.7,157.0,99.6,30.4,2.1,40.7
Chennai,2023-05-20,423,112.7,264.3,28.5,22.8,0.7,112.0
Chennai,2023-05-21,126,229.3,271.5,44.7,4.1,2.5,90.7
Chennai,2023-05-22,308,18.1,168.7,50.5,40.3,2.1,59.8
Chennai,2023-05-23,173,29.9,230.9,70.9,21.5,0.7,49.4
Chennai,2023-05-24,172,165.4,45.4,50.6,16.6,1.8,104.4
Chennai,2023-05-25,432,150.1,293.4,49.1,8.7,1.8,30.3
Chennai,2023-05-26,496,98.9,150.0,65.2,43.3,0.4,108.3
Chennai,2023-05-27,220,137.4,103.0,76.5,35.5,1.6,73.3
Chennai,2023-05-28,156,199.0,42.7,88.7,37.3,0.3,114.0
Chennai,2023-05-29,395,97.4,34.4,41.4,24.3,0.3,50.3
Chennai,2023-05-30,381,144.1,38.8,72.4,11.8,2.5,36.2
Chennai,2023-05-31,108,165.8,226.5,76.5,43.8,1.8,92.8
Chennai,2023-06-01,439,64.1,118.8,30.4,34.7,0.8,17.0
Chennai,2023-06-02,226,118.6,160.4,83.8,24.6,1.4,100.8
Chennai,2023-06-03,199,118.5,123.1,69.0,35.3,2.4,107.1
Chennai,2023-06-04,146,224.1,148.2,12.6,45.1,0.9,115.2
Chennai,2023-06-05,105,49.5,51.4,19.1,9.2,0.7,114.7
Chennai,2023-06-06,61,80.4,291.5,56.4,8.3,1.0,58.8
Chennai,2023-06-07,380,15.2,72.9,7.1,40.5,2.1,67.2
Chennai,2023-06-08,221,108.8,116.0,66.4,17.7,1.6,86.7
Chennai,2023-06-09,481,141.6,148.2,58.9,45.1,0.9,96.8
Chennai,2023-06-10,166,126.2,291.8,78.1,4.3,1.0,60.2
Chennai,2023-06-11,135,158.5,65.0,55.9,10.7,0.6,87.9
Chennai,2023-06-12,391,200.7,65.2,16.1,49.7,1.5,58.5
Chennai,2023-06-13,239,54.3,177.5,8.3,17.2,1.0,51.0
Chennai,2023-06-14,326,244.1,169.4,16.5,3.2,2.3,94.5
Chennai,2023-06-15,284,232.7,63.7,97.2,28.2,1.4,81.2
Chennai,2023-06-16,201,123.7,101.2,94.7,49.1,1.5,26.2
Chennai,2023-06-17,339,184.9,278.2,37.2,7.4,1.3,14.4
Chennai,2023-06-18,397,142.2,106.3,43.2,42.4,1.2,20.2
Chennai,2023-06-19,78,156.0,74.6,55.0,39.5,2.0,31.5
Chennai,2023-06-20,92,139.2,144.7,68.8,6.2,1.4,31.4
Chennai,2023-06-21,212,154.8,163.2,10.3,34.0,1.1,88.8
Chennai,2023-06-22,268,98.7,124.4,32.0,18.9,2.4,106.2
Chennai,2023-06-23,94,61.8,268.6,75.4,21.9,1.2,28.0
Chennai,2023-06-24,422,242.9,138.7,90.2,8.7,1.6,19.5
Chennai,2023-06-25,156,82.8,296.7,54.9,18.1,2.3,75.0
Chennai,2023-06-26,242,31.2,134.6,91.9,21.9,1.5,88.1
Chennai,2023-06-27,436,229.6,75.8,84.1,15.9,1.3,100.5
Chennai,2023-06-28,204,210.3,105.1,58.1,24.2,0.3,10.3
Chennai,2023-06-29,184,82.0,199.4,65.5,8.0,1.7,41.6
Chennai,2023-06-30,141,128.1,212.6,28.3,7.7,0.8,119.4
Chennai,2023-07-01,84,153.7,121.3,50.6,22.9,0.8,85.5
Chennai,2023-07-02,405,206.4,124.5,74.6,2.8,0.8,74.0
Chennai,2023-07-03,124,86.7,265.9,17.9,9.8,0.8,56.1
Chennai,2023-07-04,232,21.7,101.7,65.7,5.7,0.6,79.1
Chennai,2023-07-05,441,32.7,230.7,56.7,43.9,2.1,85.3
Chennai,2023-07-06,204,75.2,215.4,39.4,27.7,1.0,25.8
Chennai,2023-07-07,120,134.4,124.4,51.1,18.3,2.3,21.3
Chennai,2023-07-08,129,130.8,252.8,80.5,28.8,1.8,114.8
Chennai,2023-07-09,483,137.7,174.3,76.8,7.5,1.3,18.4
Chennai,2023-07-10,469,41.5,24.9,38.1,35.2,0.5,58.6
Chennai,2023-07-11,355,135.5,291.6,21.4,16.6,1.9,23.0
Chennai,2023-07-12,115,215.6,59.9,26.5,8.0,0.5,18.6
Chennai,2023-07-13,403,193.1,51.3,6.8,25.2,1.2,31.6
Chennai,2023-07-14,66,200.3,163.8,10.6,7.7,0.8,17.3
Chennai,2023-07-15,391,12.5,47.0,16.8,30.9,1.6,32.0
Chennai,2023-07-16,393,94.4,45.4,85.4,47.2,2.4,48.3
Chennai,2023-07-17,132,215.2,238.6,63.2,26.2,0.4,100.2
Chennai,2023-07-18,440,13.4,80.8,23.2,15.5,2.3,69.1
Chennai,2023-07-19,421,33.7,79.9,52.9,36.0,1.0,74.8
Chennai,2023-07-20,275,171.6,50.1,84.3,49.1,1.2,66.6
Chennai,2023-07-21,258,37.1,295.7,16.7,7.3,0.5,93.9
Chennai,2023-07-22,410,79.2,222.2,12.8,25.7,1.1,60.3
Chennai,2023-07-23,426,84.9,293.3,47.2,28.6,0.9,104.1
Chennai,2023-07-24,146,215.6,270.5,81.2,47.1,1.0,11.4
Chennai,2023-07-25,395,128.0,49.4,46.6,33.6,0.4,25.8
Chennai,2023-07-26,255,176.8,293.7,75.4,44.8,0.6,50.0
Chennai,2023-07-27,151,91.3,186.6,99.1,7.9,2.1,89.8
Chennai,2023-07-28,192,193.6,234.5,61.4,38.3,2.0,113.8
Chennai,2023-07-29,232,124.2,188.9,43.4,25.3,0.8,94.5
Chennai,2023-07-30,105,39.3,157.0,26.9,47.2,0.3,91.2
Chennai,2023-07-31,475,26.4,209.9,97.3,20.4,1.8,26.8
Chennai,2023-08-01,368,159.6,232.8,67.8,27.0,1.3,61.3
Chennai,2023-08-02,200,168.9,157.3,29.9,18.5,2.2,70.1
Chennai,2023-08-03,441,17.6,140.5,91.9,20.4,0.9,51.4
Chennai,2023-08-04,285,18.6,69.5,67.6,39.4,2.2,28.1
Chennai,2023-08-05,270,42.3,220.4,51.3,7.3,1.8,82.6
Chennai,2023-08-06,400,139.5,151.5,58.4,9.5,0.3,39.0
Chennai,2023-08-07,352,243.0,192.7,38.5,48.9,0.9,13.1
Chennai,2023-08-08,73,40.8,122.6,81.9,30.0,2.0,78.8
Chennai,2023-08-09,244,33.4,116.6,38.9,18.9,1.7,37.2
Chennai,2023-08-10,381,84.9,43.8,70.4,43.7,0.5,28.7
Chennai,2023-08-11,325,88.3,149.1,87.0,29.3,2.3,39.3
Chennai,2023-08-12,406,122.7,26.2,35.1,29.4,0.9,20.7
Chennai,2023-08-13,300,34.0,209.0,36.9,26.1,2.0,47.3
Chennai,2023-08-14,364,81.9,291.4,24.2,32.5,2.4,18.3
Chennai,2023-08-15,485,138.6,100.5,9.5,49.8,1.1,34.8
Chennai,2023-08-16,430,239.9,221.0,59.9,30.4,0.8,72.3
Chennai,2023-08-17,321,124.1,78.7,80.6,33.3,0.9,98.5
Chennai,2023-08-18,271,169.2,107.7,44.4,14.1,1.4,83.9
Chennai,2023-08-19,330,53.3,25.2,71.8,43.4,1.5,33.4
Chennai,2023-08-20,471,188.1,150.8,94.0,27.6,1.6,94.6
Chennai,2023-08-21,272,234.3,223.5,10.7,11.6,1.3,36.4
Chennai,2023-08-22,432,174.5,104.1,46.4,17.3,2.1,17.1
Chennai,2023-08-23,154,213.0,94.7,32.3,9.7,1.8,36.0
Chennai,2023-08-24,172,37.3,73.7,28.3,41.7,1.3,71.6
Chennai,2023-08-25,273,111.3,273.6,24.2,15.1,0.3,96.9
Chennai,2023-08-26,192,168.1,69.3,86.0,48.3,1.3,12.2
Chennai,2023-08-27,490,225.2,107.9,33.3,5.1,2.4,108.6
Chennai,2023-08-28,393,167.8,45.3,94.6,36.8,0.5,22.3
Chennai,2023-08-29,426,130.1,53.8,68.1,29.9,2.0,67.8
Chennai,2023-08-30,304,222.3,86.7,16.6,40.7,1.0,74.3
Chennai,2023-08-31,249,203.4,228.3,93.9,12.5,0.4,33.6
Chennai,2023-09-01,190,115.5,91.2,61.0,25.5,1.1,114.4
Chennai,2023-09-02,212,141.0,153.0,28.4,15.3,2.0,25.9
Chennai,2023-09-03,293,181.8,250.0,7.0,48.4,1.6,102.6
Chennai,2023-09-04,389,201.7,35.3,92.2,34.2,0.8,52.3
Chennai,2023-09-05,377,240.0,121.6,82.2,7.9,2.2,104.3
Chennai,2023-09-06,248,11.9,289.0,93.1,46.1,0.9,113.0
Chennai,2023-09-07,437,66.5,78.9,89.6,46.0,1.7,106.7
Chennai,2023-09-08,442,164.7,241.0,31.0,5.8,2.0,64.1
Chennai,2023-09-09,427,109.1,255.5,73.2,44.1,2.1,100.7
Chennai,2023-09-10,407,72.6,38.6,45.0,37.0,1.5,45.9
Chennai,2023-09-11,405,16.6,34.6,66.0,32.2,2.0,25.0
Chennai,2023-09-12,255,58.0,105.6,59.7,7.3,0.8,88.5
Chennai,2023-09-13,443,209.3,233.7,85.5,34.9,2.0,45.1
Chennai,2023-09-14,294,219.6,57.4,21.5,30.5,1.0,41.0
Chennai,2023-09-15,93,109.5,70.9,88.3,47.3,2.2,34.7
Chennai,2023-09-16,61,231.5,201.2,64.5,45.5,2.4,31.8
Chennai,2023-09-17,409,214.4,33.9,63.7,30.8,0.5,115.4
Chennai,2023-09-18,137,237.3,52.9,73.3,22.9,2.3,59.9
Chennai,2023-09-19,394,128.6,82.9,24.3,47.4,2.1,39.3
Chennai,2023-09-20,432,128.6,56.5,86.4,30.8,2.5,41.1
Chennai,2023-09-21,396,55.4,70.5,80.3,3.4,2.4,35.9
Chennai,2023-09-22,280,227.8,123.5,70.0,24.0,0.2,24.7
Chennai,2023-09-23,215,243.9,131.3,25.2,20.4,1.2,75.7
Chennai,2023-09-24,87,32.9,36.5,36.6,13.3,2.3,119.6
Chennai,2023-09-25,393,242.1,187.5,76.1,4.2,0.8,78.2
Chennai,2023-09-26,204,244.6,208.0,17.6,44.8,0.3,29.7
Chennai,2023-09-27,136,130.9,280.5,88.4,8.3,0.9,68.3
Chennai,2023-09-28,122,72.5,107.7,98.0,26.0,2.4,40.9
Chennai,2023-09-29,234,232.3,99.2,88.3,31.4,2.0,39.0
Chennai,2023-09-30,210,114.6,66.2,75.0,25.6,2.4,71.1
Chennai,2023-10-01,386,162.8,143.2,22.9,4.6,0.6,61.7
Chennai,2023-10-02,133,179.4,142.2,99.5,46.5,0.3,49.2
Chennai,2023-10-03,413,144.6,148.2,15.7,36.5,0.5,48.5
Chennai,2023-10-04,154,218.4,70.6,21.0,26.4,0.8,108.0
Chennai,2023-10-05,349,61.0,299.4,5.4,38.8,0.6,111.2
Chennai,2023-10-06,176,194.4,209.5,89.3,3.2,1.8,84.9
Chennai,2023-10-07,251,99.7,280.2,15.1,17.5,0.3,60.6
Chennai,2023-10-08,412,168.3,147.1,95.7,30.5,0.2,116.7
Chennai,2023-10-09,385,159.4,146.9,95.0,50.0,2.3,97.7
Chennai,2023-10-10,116,60.7,33.6,66.1,17.5,0.3,17.8
Chennai,2023-10-11,358,101.5,131.7,21.9,48.3,2.2,19.8
Chennai,2023-10-12,486,60.0,128.8,43.2,33.1,2.4,27.0
Chennai,2023-10-13,202,127.8,141.1,81.6,16.9,1.8,24.4
Chennai,2023-10-14,390,33.1,122.9,24.0,23.4,1.1,39.5
Chennai,2023-10-15,357,111.5,231.8,82.0,31.5,1.2,56.9
Chennai,2023-10-16,70,133.2,292.5,69.3,33.1,1.8,112.4
Chennai,2023-10-17,319,161.1,166.9,32.6,23.0,2.3,62.5
Chennai,2023-10-18,126,246.2,211.6,33.5,13.9,1.2,72.5
Chennai,2023-10-19,332,28.4,32.6,15.2,22.4,0.4,82.7
Chennai,2023-10-20,341,205.1,119.5,60.6,38.9,0.2,91.5
Chennai,2023-10-21,286,53.1,71.0,42.3,6.0,2.2,42.7
Chennai,2023-10-22,350,183.8,232.1,47.7,40.8,1.0,111.0
Chennai,2023-10-23,464,54.9,71.8,76.0,31.0,2.2,21.7
Chennai,2023-10-24,323,14.3,130.6,6.3,33.5,1.3,54.6
Chennai,2023-10-25,386,241.8,188.5,51.2,31.7,2.4,49.7
Chennai,2023-10-26,394,241.2,209.0,81.4,6.2,0.5,31.0
Chennai,2023-10-27,467,13.8,291.7,86.6,12.0,1.7,81.5
Chennai,2023-10-28,273,212.1,260.3,56.2,6.1,2.0,26.3
Chennai,2023-10-29,266,15.2,66.5,19.5,35.7,2.4,61.9
Chennai,2023-10-30,490,117.9,87.9,33.0,41.8,1.1,46.7
Chennai,2023-10-31,102,161.3,219.7,98.1,42.7,1.9,75.5
Chennai,2023-11-01,333,249.8,30.4,43.0,26.6,1.9,112.9
Chennai,2023-11-02,468,218.2,84.9,10.8,2.9,1.5,70.9
Chennai,2023-11-03,187,224.3,136.8,50.0,25.7,2.4,48.1
Chennai,2023-11-04,407,114.7,65.2,74.0,24.5,1.2,65.8
Chennai,2023-11-05,350,228.2,115.0,62.2,42.4,1.7,24.4
Chennai,2023-11-06,200,183.5,129.3,44.6,47.2,1.7,49.6
Chennai,2023-11-07,291,201.9,256.5,64.1,15.6,1.9,83.4
Chennai,2023-11-08,116,51.6,63.8,51.8,40.1,2.4,64.3
Chennai,2023-11-09,170,60.3,33.2,6.7,44.3,1.0,27.4
Chennai,2023-11-10,473,216.3,161.0,81.6,18.2,0.5,34.9
Chennai,2023-11-11,337,63.8,92.2,37.3,19.1,0.3,106.5
Chennai,2023-11-12,186,225.1,259.0,88.0,31.0,0.4,15.5
Chennai,2023-11-13,274,201.8,289.5,76.8,48.8,2.0,77.1
Chennai,2023-11-14,489,237.4,250.6,9.0,7.1,1.6,105.8
Chennai,2023-11-15,235,47.7,101.8,46.9,26.3,1.9,20.9
Chennai,2023-11-16,381,97.3,249.4,16.7,11.7,2.4,94.6
Chennai,2023-11-17,53,68.9,246.6,37.4,26.2,0.4,51.0
Chennai,2023-11-18,436,109.6,196.2,28.3,38.2,1.4,96.6
Chennai,2023-11-19,120,202.4,135.8,43.9,24.0,2.2,97.4
Chennai,2023-11-20,235,236.5,143.9,78.2,36.4,1.4,17.7
Chennai,2023-11-21,223,85.6,294.9,20.6,5.0,1.9,82.6
Chennai,2023-11-22,378,46.2,180.9,97.9,49.0,2.0,106.3
Chennai,2023-11-23,201,110.6,268.0,71.6,43.9,1.9,44.5
Chennai,2023-11-24,226,11.9,98.3,55.1,46.2,1.8,59.1
Chennai,2023-11-25,155,223.0,194.8,63.7,23.2,1.0,99.3
Chennai,2023-11-26,382,107.1,75.2,33.6,3.8,1.0,89.8
Chennai,2023-11-27,428,221.2,165.7,56.4,12.3,1.4,44.3
Chennai,2023-11-28,224,191.7,64.8,7.6,40.2,1.6,36.5
Chennai,2023-11-29,446,82.9,138.4,53.0,37.1,2.1,38.6
Chennai,2023-11-30,309,95.1,33.4,66.8,8.0,0.9,91.1
Chennai,2023-12-01,282,91.4,86.1,75.8,29.9,1.8,113.1
Chennai,2023-12-02,390,138.0,186.8,38.3,15.7,2.0,88.6
Chennai,2023-12-03,394,43.6,125.7,75.1,7.1,1.4,31.2
Chennai,2023-12-04,448,96.7,47.4,72.6,41.8,0.4,16.8
Chennai,2023-12-05,116,124.3,144.9,40.1,27.3,1.6,67.1
Chennai,2023-12-06,252,219.3,183.6,65.5,49.8,1.8,114.3
Chennai,2023-12-07,424,243.6,250.7,18.7,8.1,1.8,24.2
Chennai,2023-12-08,410,133.2,168.2,71.0,23.9,0.3,27.3
Chennai,2023-12-09,336,98.6,286.5,62.2,21.6,0.5,72.9
Chennai,2023-12-10,70,135.5,53.0,34.0,20.0,0.9,13.1
Chennai,2023-12-11,123,44.1,185.1,9.6,44.9,2.2,33.7
Chennai,2023-12-12,469,187.5,20.6,57.0,5.2,0.3,62.9
Chennai,2023-12-13,208,145.8,272.1,79.2,24.8,1.9,76.6
Chennai,2023-12-14,440,43.2,198.2,77.4,34.0,0.5,90.1
Chennai,2023-12-15,95,202.0,206.1,43.9,13.2,1.1,69.5
Chennai,2023-12-16,393,223.6,226.1,66.4,43.6,1.8,72.9
Chennai,2023-12-17,457,195.2,106.5,66.3,32.9,0.4,115.1
Chennai,2023-12-18,327,148.4,34.8,59.2,11.1,1.3,108.7
Chennai,2023-12-19,111,168.0,168.9,96.4,15.2,0.7,101.3
Chennai,2023-12-20,479,223.0,144.4,81.7,31.1,1.1,14.9
Chennai,2023-12-21,491,234.1,115.2,22.1,3.2,1.4,52.0
Chennai,2023-12-22,96,37.5,47.8,21.0,8.9,0.8,19.9
Chennai,2023-12-23,207,238.5,210.0,10.6,48.1,0.6,88.5
Chennai,2023-12-24,202,103.6,109.6,44.2,17.6,1.1,101.1
Chennai,2023-12-25,111,22.5,87.1,61.7,13.4,1.4,65.5
Chennai,2023-12-26,108,74.6,109.1,57.5,5.1,0.3,79.7
Chennai,2023-12-27,59,74.6,289.8,69.1,13.8,1.5,96.4
Chennai,2023-12-28,205,146.4,144.9,85.4,26.0,2.0,25.7
Chennai,2023-12-29,326,246.5,239.0,56.1,22.3,2.3,59.7
Chennai,2023-12-30,50,205.0,289.1,64.0,33.3,0.6,16.6
Chennai,2023-12-31,296,75.6,90.2,69.6,50.0,2.1,33.4
Kolkata,2023-01-01,480,132.5,32.7,75.2,29.0,0.9,53.5
Kolkata,2023-01-02,112,209.3,223.0,99.9,44.2,0.7,65.5
Kolkata,2023-01-03,460,86.4,211.0,37.6,14.5,1.9,59.8
Kolkata,2023-01-04,175,168.9,110.1,25.0,48.0,1.0,110.5
Kolkata,2023-01-05,118,165.1,20.6,50.3,45.3,1.7,55.4
Kolkata,2023-01-06,406,178.8,233.5,56.1,39.8,1.7,18.5
Kolkata,2023-01-07,65,224.2,248.5,47.3,7.9,2.4,51.4
Kolkata,2023-01-08,357,95.9,69.6,78.0,35.5,0.2,60.9
Kolkata,2023-01-09,148,116.7,82.0,6.9,15.5,2.3,49.4
Kolkata,2023-01-10,96,205.9,195.1,81.8,12.6,2.5,116.4
Kolkata,2023-01-11,68,77.4,273.3,72.2,12.0,0.7,100.3
Kolkata,2023-01-12,252,36.6,97.7,52.5,10.2,0.6,91.3
Kolkata,2023-01-13,394,173.8,178.2,11.2,8.2,0.3,38.6
Kolkata,2023-01-14,341,215.3,266.7,74.2,15.2,2.1,12.5
Kolkata,2023-01-15,404,172.7,192.0,69.7,44.4,0.2,57.0
Kolkata,2023-01-16,394,236.3,34.5,94.2,22.8,2.5,40.1
Kolkata,2023-01-17,398,134.4,158.8,54.1,4.1,1.9,15.2
Kolkata,2023-01-18,265,137.8,108.5,42.2,18.1,2.2,98.8
Kolkata,2023-01-19,427,64.2,213.1,96.0,46.0,0.7,46.2
Kolkata,2023-01-20,82,160.2,47.1,50.6,40.8,1.6,78.9
Kolkata,2023-01-21,221,211.7,89.2,50.0,48.0,2.1,100.4
Kolkata,2023-01-22,316,200.6,284.2,78.7,31.7,2.0,78.8
Kolkata,2023-01-23,346,40.0,292.9,92.1,20.1,2.2,86.3
Kolkata,2023-01-24,450,40.6,277.4,47.0,16.5,1.6,17.2
Kolkata,2023-01-25,396,23.4,34.6,85.7,21.3,1.6,55.2
Kolkata,2023-01-26,492,153.9,204.7,6.0,20.4,2.0,106.8
Kolkata,2023-01-27,367,34.3,202.3,69.2,3.2,1.4,74.7
Kolkata,2023-01-28,105,34.6,186.6,11.4,39.9,0.6,73.1
Kolkata,2023-01-29,376,132.1,119.5,50.7,31.8,0.6,25.1
Kolkata,2023-01-30,72,24.5,107.3,46.4,48.1,1.9,44.2
Kolkata,2023-01-31,327,196.1,61.3,34.3,18.5,1.0,10.9
Kolkata,2023-02-01,350,167.8,60.5,27.6,41.3,1.5,16.0
Kolkata,2023-02-02,226,56.9,76.1,91.3,39.7,1.0,83.5
Kolkata,2023-02-03,405,176.0,150.9,70.8,42.9,1.5,46.9
Kolkata,2023-02-04,203,110.5,65.4,48.2,39.9,0.3,34.1
Kolkata,2023-02-05,51,163.3,214.1,49.3,12.2,1.3,94.5
Kolkata,2023-02-06,467,89.6,227.2,24.5,10.8,2.5,49.9
Kolkata,2023-02-07,87,95.9,175.3,18.5,23.1,1.7,110.4
Kolkata,2023-02-08,234,20.5,28.3,23.8,10.4,2.2,89.1
Kolkata,2023-02-09,223,213.4,88.9,23.6,10.5,0.8,21.1
Kolkata,2023-02-10,475,172.6,126.1,79.8,7.3,2.4,43.6
Kolkata,2023-02-11,172,98.7,124.3,21.3,27.3,2.0,78.6
Kolkata,2023-02-12,272,220.8,38.3,18.7,46.4,2.0,31.1
Kolkata,2023-02-13,243,176.6,109.0,45.8,32.5,2.3,93.9
Kolkata,2023-02-14,350,55.4,169.9,80.0,17.7,0.3,97.5
Kolkata,2023-02-15,496,40.4,162.3,60.5,25.5,1.9,96.3
Kolkata,2023-02-16,454,169.2,38.2,53.3,38.1,1.7,66.0
Kolkata,2023-02-17,305,134.5,70.1,72.7,27.2,1.3,115.1
Kolkata,2023-02-18,292,74.4,132.3,92.5,30.0,0.3,34.1
Kolkata,2023-02-19,153,118.5,85.6,25.8,22.4,1.1,27.3
Kolkata,2023-02-20,481,99.8,174.2,17.8,6.0,1.2,48.7
Kolkata,2023-02-21,348,19.9,163.4,37.0,23.7,1.2,50.4
Kolkata,2023-02-22,304,86.1,127.1,22.1,13.2,1.7,49.5
Kolkata,2023-02-23,92,80.7,160.5,56.9,5.8,0.8,35.1
Kolkata,2023-02-24,110,27.1,30.7,24.0,11.4,1.0,43.3
Kolkata,2023-02-25,467,194.4,256.7,23.1,31.0,0.5,104.0
Kolkata,2023-02-26,416,187.6,275.5,5.8,16.4,2.1,96.1
Kolkata,2023-02-27,256,237.0,250.1,77.0,2.6,1.7,118.8
Kolkata,2023-02-28,126,217.7,83.7,73.7,12.1,0.7,74.6
Kolkata,2023-03-01,332,191.8,222.3,48.8,40.0,0.9,30.7
Kolkata,2023-03-02,444,236.1,137.0,46.7,42.9,0.3,25.3
Kolkata,2023-03-03,497,40.8,284.1,5.9,40.9,2.1,47.4
Kolkata,2023-03-04,264,112.2,230.7,77.5,35.1,0.9,74.6
Kolkata,2023-03-05,340,198.5,278.2,19.6,47.7,1.0,79.3
Kolkata,2023-03-06,358,229.3,180.7,42.1,20.3,2.4,17.0
Kolkata,2023-03-07,247,55.2,50.4,59.1,23.7,2.3,20.3
Kolkata,2023-03-08,103,172.0,69.7,83.5,31.0,0.3,31.9
Kolkata,2023-03-09,247,78.1,85.3,67.7,5.4,0.3,67.0
Kolkata,2023-03-10,137,88.4,274.7,42.2,49.5,0.5,56.0
Kolkata,2023-03-11,430,26.5,287.4,87.2,8.2,0.7,57.5
Kolkata,2023-03-12,413,169.6,64.5,59.6,16.9,0.7,88.8
Kolkata,2023-03-13,284,76.1,22.1,18.6,5.1,1.1,98.8
Kolkata,2023-03-14,319,88.9,179.4,51.6,24.2,0.3,20.0
Kolkata,2023-03-15,380,221.4,147.8,71.5,36.2,0.9,77.4
Kolkata,2023-03-16,464,214.0,136.2,22.1,31.7,1.2,52.3
Kolkata,2023-03-17,387,54.0,179.2,42.4,47.4,0.8,105.8
Kolkata,2023-03-18,190,221.8,170.6,68.3,5.2,1.9,109.2
Kolkata,2023-03-19,302,108.7,233.3,16.5,19.7,1.9,65.5
Kolkata,2023-03-20,449,88.2,146.3,29.0,26.3,1.3,18.1
Kolkata,2023-03-21,405,172.1,149.3,37.6,21.2,0.6,14.2
Kolkata,2023-03-22,178,37.5,276.8,36.1,37.9,1.3,17.5
Kolkata,2023-03-23,330,167.7,219.8,46.6,24.6,0.8,27.8
Kolkata,2023-03-24,479,14.3,48.1,32.9,27.7,1.1,18.5
Kolkata,2023-03-25,440,12.7,96.5,46.9,10.5,1.8,108.2
Kolkata,2023-03-26,322,61.9,215.1,84.5,41.0,1.7,88.8
Kolkata,2023-03-27,102,103.7,106.3,10.0,2.2,2.0,94.4
Kolkata,2023-03-28,177,99.9,86.8,13.7,22.2,2.5,47.1
Kolkata,2023-03-29,148,173.2,37.7,96.1,6.6,2.1,83.1
Kolkata,2023-03-30,420,50.1,136.4,15.2,17.7,1.5,30.9
Kolkata,2023-03-31,156,234.2,130.6,45.6,13.2,0.4,45.6
Kolkata,2023-04-01,57,106.5,108.5,42.0,24.0,0.4,99.7
Kolkata,2023-04-02,382,159.7,32.3,89.1,21.7,2.0,65.0
Kolkata,2023-04-03,102,181.0,241.6,92.6,29.3,0.8,20.4
Kolkata,2023-04-04,216,245.5,215.0,69.4,48.7,1.8,46.5
Kolkata,2023-04-05,375,192.8,212.5,97.9,34.0,0.4,11.9
Kolkata,2023-04-06,349,117.7,163.1,75.5,26.2,1.8,11.5
Kolkata,2023-04-07,60,157.9,271.1,34.3,37.4,1.9,78.2
Kolkata,2023-04-08,80,43.0,159.6,24.2,20.0,1.7,36.2
Kolkata,2023-04-09,421,153.5,284.8,75.2,17.8,0.8,80.8
Kolkata,2023-04-10,439,19.5,241.7,44.4,41.0,1.9,35.2
Kolkata,2023-04-11,425,89.5,87.8,56.2,45.5,1.7,37.3
Kolkata,2023-04-12,401,177.1,82.3,87.9,27.0,0.6,79.3
Kolkata,2023-04-13,83,218.8,39.6,23.3,32.4,0.5,32.5
Kolkata,2023-04-14,96,51.7,173.7,80.5,11.8,1.4,56.9
Kolkata,2023-04-15,289,84.8,222.1,28.3,10.5,0.8,41.4
Kolkata,2023-04-16,279,242.3,76.4,86.9,25.1,2.4,49.6
Kolkata,2023-04-17,243,50.3,143.6,53.0,37.3,1.9,100.2
Kolkata,2023-04-18,456,125.7,233.3,45.6,6.0,2.3,43.0
Kolkata,2023-04-19,325,46.7,223.5,29.4,24.3,1.2,51.3
Kolkata,2023-04-20,360,125.4,113.3,72.9,11.4,2.3,10.5
Kolkata,2023-04-21,491,130.2,223.1,51.7,46.4,2.4,116.8
Kolkata,2023-04-22,241,102.2,106.2,98.8,5.4,2.2,119.2
Kolkata,2023-04-23,113,102.4,178.4,23.5,22.9,0.8,110.4
Kolkata,2023-04-24,419,93.7,218.6,65.3,19.7,0.3,52.4
Kolkata,2023-04-25,267,186.6,87.9,8.3,41.0,1.7,84.4
Kolkata,2023-04-26,407,169.8,61.4,62.5,47.3,0.5,37.2
Kolkata,2023-04-27,346,238.4,255.6,6.2,39.0,1.7,110.9
Kolkata,2023-04-28,253,179.5,292.8,12.6,45.7,2.2,28.2
Kolkata,2023-04-29,268,70.7,104.6,96.9,33.6,1.1,43.9
Kolkata,2023-04-30,260,190.6,278.8,87.6,7.2,1.5,97.7
Kolkata,2023-05-01,466,44.3,229.6,93.4,21.1,0.9,118.6
Kolkata,2023-05-02,467,128.0,47.1,78.5,22.1,1.2,41.7
Kolkata,2023-05-03,270,51.0,124.9,71.9,11.5,0.6,114.3
Kolkata,2023-05-04,280,146.1,79.5,24.1,38.0,2.1,31.1
Kolkata,2023-05-05,496,108.1,195.5,64.3,43.7,0.6,42.2
Kolkata,2023-05-06,243,39.9,38.0,7.8,13.3,1.3,93.7
Kolkata,2023-05-07,54,24.7,230.5,5.7,30.0,2.5,20.7
Kolkata,2023-05-08,317,200.0,125.2,54.4,48.2,0.8,63.5
Kolkata,2023-05-09,437,90.9,140.2,40.2,44.7,2.5,99.9
Kolkata,2023-05-10,234,169.6,126.0,10.4,19.1,1.0,21.0
Kolkata,2023-05-11,283,218.9,132.5,84.4,46.4,0.3,23.5
Kolkata,2023-05-12,321,77.1,215.8,82.4,19.7,1.6,82.5
Kolkata,2023-05-13,293,133.6,204.9,5.3,32.6,2.4,45.4
Kolkata,2023-05-14,374,96.4,32.8,81.7,17.6,1.2,76.7
Kolkata,2023-05-15,254,187.4,242.3,38.1,47.1,2.4,62.4
Kolkata,2023-05-16,387,215.7,273.5,74.8,16.1,0.6,25.7
Kolkata,2023-05-17,316,220.3,239.8,73.1,3.5,1.3,19.6
Kolkata,2023-05-18,476,171.5,173.6,88.1,10.1,1.2,22.7
Kolkata,2023-05-19,389,139.8,88.1,21.2,47.3,1.8,21.6
Kolkata,2023-05-20,416,17.0,280.1,36.0,20.4,0.8,89.1
Kolkata,2023-05-21,390,124.3,271.3,16.7,8.5,1.4,89.8
Kolkata,2023-05-22,96,200.9,113.2,26.3,29.6,2.3,17.1
Kolkata,2023-05-23,225,100.5,220.9,74.9,20.3,1.7,71.8
Kolkata,2023-05-24,488,114.9,85.3,29.6,16.0,0.5,47.4
Kolkata,2023-05-25,353,234.9,228.5,16.0,19.7,2.2,114.9
Kolkata,2023-05-26,345,186.9,107.0,61.1,11.1,1.1,56.6
Kolkata,2023-05-27,444,97.6,210.2,80.7,26.9,1.6,34.4
Kolkata,2023-05-28,252,12.2,258.7,35.0,41.2,0.9,34.1
Kolkata,2023-05-29,398,119.4,188.4,18.9,33.9,2.0,87.3
Kolkata,2023-05-30,356,86.8,160.7,70.4,15.1,2.1,73.1
Kolkata,2023-05-31,373,208.9,158.6,71.9,20.1,2.5,46.6
Kolkata,2023-06-01,473,182.0,257.5,93.8,12.8,1.9,111.5
Kolkata,2023-06-02,447,53.0,156.5,42.2,49.3,1.7,103.3
Kolkata,2023-06-03,61,141.5,114.5,69.4,49.5,1.9,53.0
Kolkata,2023-06-04,320,184.4,99.1,92.7,35.7,1.5,20.7
Kolkata,2023-06-05,215,190.5,182.5,81.5,42.8,1.8,60.3
Kolkata,2023-06-06,133,148.5,143.7,50.8,45.1,0.7,98.5
Kolkata,2023-06-07,150,186.5,22.6,74.0,29.6,1.8,118.7
Kolkata,2023-06-08,125,100.4,295.2,69.5,10.1,0.3,49.1
Kolkata,2023-06-09,292,53.1,34.7,98.1,33.2,1.6,116.7
Kolkata,2023-06-10,371,183.4,88.6,16.3,21.0,0.9,75.6
Kolkata,2023-06-11,138,166.7,125.1,70.7,40.2,1.7,95.6
Kolkata,2023-06-12,492,206.4,127.0,65.1,23.4,0.2,22.8
Kolkata,2023-06-13,112,127.4,207.3,53.4,3.1,1.5,73.0
Kolkata,2023-06-14,190,176.5,46.5,61.3,20.4,2.5,87.3
Kolkata,2023-06-15,202,147.1,47.8,11.0,45.6,2.0,30.3
Kolkata,2023-06-16,466,178.2,130.3,82.7,39.6,1.4,17.0
Kolkata,2023-06-17,478,150.3,219.8,80.1,8.0,1.9,116.2
Kolkata,2023-06-18,110,53.4,187.7,22.1,28.6,2.0,23.5
Kolkata,2023-06-19,115,148.0,202.7,13.3,14.3,1.9,19.3
Kolkata,2023-06-20,113,131.5,121.8,56.7,22.3,2.4,10.0
Kolkata,2023-06-21,203,21.1,284.8,90.9,16.1,1.4,25.4
Kolkata,2023-06-22,301,176.8,166.3,98.7,18.9,1.4,33.1
Kolkata,2023-06-23,100,169.0,32.5,8.5,8.8,2.2,33.7
Kolkata,2023-06-24,118,154.5,80.5,39.1,8.2,1.6,18.2
Kolkata,2023-06-25,180,72.6,201.9,20.5,23.9,2.4,84.4
Kolkata,2023-06-26,405,44.4,77.1,64.8,14.9,1.7,81.0
Kolkata,2023-06-27,415,99.3,204.0,82.9,31.0,1.2,26.9
Kolkata,2023-06-28,453,114.1,27.3,62.3,5.7,0.5,22.1
Kolkata,2023-06-29,330,107.6,112.2,13.5,45.6,2.0,26.1
Kolkata,2023-06-30,458,64.2,22.8,40.8,48.5,1.1,21.6
Kolkata,2023-07-01,113,52.2,223.9,34.1,41.4,1.3,68.2
Kolkata,2023-07-02,408,147.3,99.0,30.8,6.8,0.3,45.0
Kolkata,2023-07-03,434,103.5,116.6,75.4,48.5,1.4,75.4
Kolkata,2023-07-04,485,106.6,185.8,29.6,35.0,1.8,82.3
Kolkata,2023-07-05,123,100.9,225.9,10.0,36.8,2.4,87.8
Kolkata,2023-07-06,177,172.8,137.1,48.5,23.1,1.0,61.6
Kolkata,2023-07-07,196,76.2,139.8,94.5,44.3,2.1,43.6
Kolkata,2023-07-08,489,30.9,105.6,78.2,42.6,1.7,18.4
Kolkata,2023-07-09,172,236.8,66.2,10.5,37.7,1.5,64.2
Kolkata,2023-07-10,497,12.6,285.6,69.3,46.8,0.5,64.8
Kolkata,2023-07-11,400,249.5,268.7,71.3,21.5,1.6,110.2
Kolkata,2023-07-12,431,11.7,139.0,55.8,18.6,2.5,82.7
Kolkata,2023-07-13,471,249.8,284.6,70.0,4.0,1.2,28.5
Kolkata,2023-07-14,441,135.6,83.0,12.1,42.3,1.4,114.8
Kolkata,2023-07-15,266,128.9,67.7,97.1,18.2,1.8,101.5
Kolkata,2023-07-16,485,193.9,53.0,33.4,16.1,0.7,91.2
Kolkata,2023-07-17,341,104.5,278.5,93.3,48.0,1.4,108.3
Kolkata,2023-07-18,287,224.2,257.5,10.5,2.3,1.3,42.8
Kolkata,2023-07-19,104,11.2,269.3,22.7,19.0,0.4,64.1
Kolkata,2023-07-20,93,137.0,271.6,44.0,45.8,0.2,94.6
Kolkata,2023-07-21,178,64.3,130.7,33.4,22.6,0.6,99.3
Kolkata,2023-07-22,105,247.4,203.8,46.7,8.7,1.9,10.6
Kolkata,2023-07-23,495,180.2,51.0,32.1,8.4,1.2,46.4
Kolkata,2023-07-24,66,48.5,75.7,50.5,33.9,0.8,56.3
Kolkata,2023-07-25,331,128.9,210.9,17.1,38.1,2.0,54.0
Kolkata,2023-07-26,421,231.7,256.1,41.9,7.3,0.4,12.3
Kolkata,2023-07-27,129,92.6,23.8,70.0,4.5,2.1,57.3
Kolkata,2023-07-28,355,187.0,141.6,32.5,25.3,2.0,37.3
Kolkata,2023-07-29,128,185.0,72.3,31.7,7.5,0.8,87.1
Kolkata,2023-07-30,391,206.9,75.6,72.1,40.9,1.8,65.3
Kolkata,2023-07-31,142,55.3,259.4,64.7,9.1,0.5,54.1
Kolkata,2023-08-01,190,247.7,280.1,45.5,31.6,0.4,15.6
Kolkata,2023-08-02,258,136.0,216.0,98.1,12.6,1.2,16.7
Kolkata,2023-08-03,268,164.5,105.2,30.6,15.5,1.0,56.0
Kolkata,2023-08-04,213,224.8,70.9,5.1,33.7,0.9,41.4
Kolkata,2023-08-05,193,228.0,48.2,22.6,47.5,1.0,43.5
Kolkata,2023-08-06,99,170.5,211.2,78.2,8.3,1.0,99.1
Kolkata,2023-08-07,430,196.9,168.1,40.3,33.2,0.7,52.2
Kolkata,2023-08-08,104,41.3,227.9,16.4,30.2,2.3,82.0
Kolkata,2023-08-09,147,56.3,144.8,14.4,47.2,1.6,43.2
Kolkata,2023-08-10,292,247.5,76.6,73.5,4.1,0.6,70.6
Kolkata,2023-08-11,179,224.0,232.6,85.4,28.9,1.0,50.3
Kolkata,2023-08-12,372,182.2,275.0,11.4,22.1,2.3,65.4
Kolkata,2023-08-13,61,50.1,96.8,96.9,15.9,2.4,16.7
Kolkata,2023-08-14,405,55.6,248.1,52.0,27.6,1.4,18.2
Kolkata,2023-08-15,274,190.2,127.6,79.0,21.2,0.8,30.2
Kolkata,2023-08-16,131,147.3,185.8,5.8,46.6,1.4,65.4
Kolkata,2023-08-17,418,136.0,105.0,25.9,36.0,1.5,28.8
Kolkata,2023-08-18,73,138.1,101.7,65.8,47.2,0.8,24.6
Kolkata,2023-08-19,497,199.7,199.9,28.7,41.5,1.4,10.2
Kolkata,2023-08-20,227,161.8,292.2,35.8,47.4,2.2,39.0
Kolkata,2023-08-21,118,108.0,191.2,35.8,4.7,2.1,100.6
Kolkata,2023-08-22,162,185.3,98.3,29.3,2.8,1.7,105.5
Kolkata,2023-08-23,449,150.0,222.3,70.4,47.4,0.8,78.9
Kolkata,2023-08-24,359,142.2,248.7,26.0,14.9,1.5,98.9
Kolkata,2023-08-25,435,104.9,144.9,74.3,22.8,0.5,62.7
Kolkata,2023-08-26,303,53.6,71.8,86.9,11.1,1.3,90.2
Kolkata,2023-08-27,381,77.7,106.8,89.1,41.2,1.8,30.7
Kolkata,2023-08-28,123,27.3,88.7,91.4,48.6,0.4,67.9
Kolkata,2023-08-29,422,190.1,23.3,14.5,20.4,0.5,11.5
Kolkata,2023-08-30,475,164.7,32.2,28.6,6.0,0.5,79.0
Kolkata,2023-08-31,56,200.2,22.6,80.2,28.0,2.1,103.8
Kolkata,2023-09-01,93,58.6,154.5,58.5,23.3,0.6,46.5
Kolkata,2023-09-02,129,68.5,172.2,30.4,28.1,0.2,14.9
Kolkata,2023-09-03,328,81.2,163.2,84.5,8.8,2.3,12.6
Kolkata,2023-09-04,268,102.5,118.9,32.3,46.2,1.8,85.5
Kolkata,2023-09-05,416,207.5,51.5,21.1,7.3,0.4,115.1
Kolkata,2023-09-06,232,28.3,113.4,39.2,46.4,0.4,14.8
Kolkata,2023-09-07,127,52.7,168.5,62.0,34.6,0.5,83.4
Kolkata,2023-09-08,204,159.9,100.4,88.2,15.0,1.3,50.6
Kolkata,2023-09-09,185,204.6,219.2,12.3,2.1,2.3,26.4
Kolkata,2023-09-10,385,45.2,61.4,47.4,40.2,2.4,99.6
Kolkata,2023-09-11,107,148.7,288.7,31.5,6.3,2.5,30.0
Kolkata,2023-09-12,247,94.6,158.4,50.7,48.7,1.6,80.0
Kolkata,2023-09-13,120,202.5,203.1,28.4,22.1,1.3,68.7
Kolkata,2023-09-14,322,138.7,84.4,12.9,36.3,1.4,95.4
Kolkata,2023-09-15,465,189.6,216.9,27.3,2.1,2.5,11.9
Kolkata,2023-09-16,335,123.7,57.4,15.5,45.7,1.0,103.4
Kolkata,2023-09-17,448,206.6,102.5,18.7,43.0,2.4,110.4
Kolkata,2023-09-18,174,60.6,82.9,76.0,7.6,1.8,25.7
Kolkata,2023-09-19,425,16.3,290.2,40.3,35.7,1.7,18.1
Kolkata,2023-09-20,478,152.5,64.3,19.0,8.8,0.8,11.4
Kolkata,2023-09-21,475,205.3,61.9,22.3,37.7,1.9,86.8
Kolkata,2023-09-22,203,122.8,222.3,47.2,33.0,0.2,22.2
Kolkata,2023-09-23,80,221.5,29.0,76.4,26.2,0.2,101.6
Kolkata,2023-09-24,398,237.6,147.2,72.6,14.4,1.5,43.7
Kolkata,2023-09-25,166,111.7,63.9,97.4,27.0,2.4,23.8
Kolkata,2023-09-26,158,106.1,35.7,42.3,41.5,2.4,76.6
Kolkata,2023-09-27,89,206.0,151.2,34.8,32.8,2.1,28.1
Kolkata,2023-09-28,461,99.2,138.8,30.6,7.0,1.0,95.7
Kolkata,2023-09-29,221,16.7,99.0,56.4,5.1,1.6,93.2
Kolkata,2023-09-30,208,55.1,76.5,93.3,13.5,0.4,72.7
Kolkata,2023-10-01,72,145.3,241.3,9.3,17.1,2.4,10.9
Kolkata,2023-10-02,232,190.4,288.4,52.5,17.1,1.1,49.1
Kolkata,2023-10-03,116,178.6,47.3,43.7,37.6,0.4,98.8
Kolkata,2023-10-04,126,15.7,242.9,50.3,43.7,0.3,27.7
Kolkata,2023-10-05,399,121.1,267.9,13.9,36.5,2.2,98.8
Kolkata,2023-10-06,384,43.8,221.2,99.4,26.1,2.5,77.0
Kolkata,2023-10-07,317,233.3,115.6,79.6,18.3,1.0,104.2
Kolkata,2023-10-08,270,19.6,219.6,69.9,13.5,2.5,76.8
Kolkata,2023-10-09,128,146.1,298.4,14.3,2.7,2.0,44.0
Kolkata,2023-10-10,494,242.5,238.8,13.3,6.5,0.9,112.7
Kolkata,2023-10-11,132,26.4,181.4,38.6,5.4,1.8,60.7
Kolkata,2023-10-12,292,244.8,233.7,47.0,46.4,2.4,116.9
Kolkata,2023-10-13,299,19.5,260.5,43.1,43.1,2.3,24.2
Kolkata,2023-10-14,237,133.0,194.9,34.8,6.0,1.2,59.5
Kolkata,2023-10-15,499,220.1,211.1,64.0,32.9,1.9,36.9
Kolkata,2023-10-16,470,144.6,63.3,15.0,20.0,1.5,103.9
Kolkata,2023-10-17,164,103.2,149.4,13.9,24.4,1.7,109.0
Kolkata,2023-10-18,288,36.2,70.5,15.3,48.1,1.1,57.6
Kolkata,2023-10-19,255,88.9,108.8,99.7,25.3,1.8,62.4
Kolkata,2023-10-20,192,119.1,172.6,95.1,9.0,0.7,72.5
Kolkata,2023-10-21,357,195.8,37.5,81.8,39.9,2.5,33.5
Kolkata,2023-10-22,158,218.3,286.7,69.9,15.0,1.7,19.2
Kolkata,2023-10-23,85,75.7,42.9,88.0,23.7,1.2,33.6
Kolkata,2023-10-24,182,54.2,35.0,90.0,22.6,2.4,42.7
Kolkata,2023-10-25,151,93.8,137.3,50.2,35.1,0.6,86.6
Kolkata,2023-10-26,231,229.0,179.7,83.2,28.9,2.3,31.8
Kolkata,2023-10-27,420,170.3,192.6,35.8,49.3,2.4,91.7
Kolkata,2023-10-28,427,186.0,24.0,90.2,46.8,1.3,44.8
Kolkata,2023-10-29,455,242.8,133.8,54.5,2.2,1.2,101.6
Kolkata,2023-10-30,114,162.2,198.9,59.9,3.8,1.9,30.6
Kolkata,2023-10-31,406,141.1,66.5,40.9,18.7,2.4,116.9
Kolkata,2023-11-01,345,239.2,123.7,39.6,16.5,0.9,100.1
Kolkata,2023-11-02,113,177.8,201.7,48.3,21.7,1.0,69.7
Kolkata,2023-11-03,317,243.8,114.0,93.0,24.0,1.1,70.8
Kolkata,2023-11-04,133,140.3,126.8,85.3,35.1,1.2,41.2
Kolkata,2023-11-05,367,235.1,273.6,14.4,6.2,2.1,19.9
Kolkata,2023-11-06,58,157.9,135.2,52.2,38.1,2.3,21.0
Kolkata,2023-11-07,277,130.8,245.6,68.4,42.9,0.7,95.5
Kolkata,2023-11-08,332,101.5,74.8,49.6,8.0,2.4,110.5
Kolkata,2023-11-09,261,227.9,200.6,79.5,21.0,2.4,96.0
Kolkata,2023-11-10,309,78.1,266.3,30.1,42.2,2.0,55.6
Kolkata,2023-11-11,173,11.0,274.5,8.1,3.3,2.0,102.5
Kolkata,2023-11-12,315,206.8,188.0,36.8,48.0,2.5,36.6
Kolkata,2023-11-13,250,56.2,200.4,83.7,40.5,1.5,24.2
Kolkata,2023-11-14,375,103.7,223.9,43.3,17.3,0.6,35.4
Kolkata,2023-11-15,413,202.3,161.2,65.0,39.6,2.1,79.0
Kolkata,2023-11-16,183,211.0,64.5,35.6,6.5,0.3,11.3
Kolkata,2023-11-17,444,152.4,27.8,72.2,46.2,0.4,52.1
Kolkata,2023-11-18,430,186.2,295.4,65.3,39.3,0.6,81.8
Kolkata,2023-11-19,163,81.3,169.9,28.3,39.4,2.0,94.7
Kolkata,2023-11-20,387,22.4,43.2,18.7,3.1,2.5,105.4
Kolkata,2023-11-21,106,120.2,186.9,15.2,15.6,2.3,20.2
Kolkata,2023-11-22,303,212.7,275.6,24.8,6.8,2.0,55.5
Kolkata,2023-11-23,299,240.2,41.4,70.3,20.0,0.9,109.9
Kolkata,2023-11-24,463,48.7,103.7,90.8,33.7,1.7,104.0
Kolkata,2023-11-25,110,244.2,298.2,51.0,31.5,1.5,27.4
Kolkata,2023-11-26,429,71.1,54.0,62.6,27.7,1.4,93.7
Kolkata,2023-11-27,160,218.0,52.1,25.6,17.7,0.7,90.1
Kolkata,2023-11-28,114,74.2,154.8,95.6,18.7,1.5,42.4
Kolkata,2023-11-29,431,204.2,142.1,94.9,46.3,0.8,31.8
Kolkata,2023-11-30,483,223.0,98.7,42.3,30.0,2.0,44.3
Kolkata,2023-12-01,456,59.4,222.2,46.2,23.4,1.6,39.9
Kolkata,2023-12-02,213,159.5,190.0,45.8,29.2,1.1,79.6
Kolkata,2023-12-03,82,117.9,269.0,96.0,14.1,1.1,76.4
Kolkata,2023-12-04,499,164.8,290.2,38.5,3.4,0.6,45.5
Kolkata,2023-12-05,454,54.6,88.7,25.4,19.8,0.5,44.6
Kolkata,2023-12-06,54,86.5,23.1,36.2,24.3,2.0,108.9
Kolkata,2023-12-07,337,25.9,99.4,25.2,12.4,1.5,88.8
Kolkata,2023-12-08,463,216.4,41.0,89.8,22.2,1.9,45.0
Kolkata,2023-12-09,213,57.6,33.9,51.9,4.2,0.8,23.1
Kolkata,2023-12-10,281,51.1,111.5,41.4,29.7,0.9,80.8
Kolkata,2023-12-11,488,148.2,21.3,48.9,8.3,2.4,14.1
Kolkata,2023-12-12,323,230.3,31.0,66.3,5.3,0.4,98.3
Kolkata,2023-12-13,420,82.2,108.8,37.9,5.8,2.0,64.3
Kolkata,2023-12-14,74,104.4,215.0,48.2,42.7,2.4,23.4
Kolkata,2023-12-15,241,235.0,48.8,26.3,41.6,0.5,119.3
Kolkata,2023-12-16,491,175.0,142.0,21.2,11.2,2.3,50.6
Kolkata,2023-12-17,325,247.5,281.6,87.5,14.5,2.0,22.2
Kolkata,2023-12-18,205,28.0,112.2,63.2,41.0,0.8,28.7
Kolkata,2023-12-19,120,150.0,53.6,35.3,9.1,1.5,103.5
Kolkata,2023-12-20,261,162.9,207.1,54.6,13.5,1.3,63.9
Kolkata,2023-12-21,193,87.3,224.6,26.5,14.7,0.9,19.1
Kolkata,2023-12-22,335,210.5,87.9,66.5,43.1,1.8,18.3
Kolkata,2023-12-23,303,24.5,23.7,25.5,41.3,0.6,21.5
Kolkata,2023-12-24,156,205.4,233.2,53.8,17.0,2.4,87.9
Kolkata,2023-12-25,385,47.0,161.3,91.8,12.5,1.0,117.3
Kolkata,2023-12-26,494,158.9,76.8,43.0,5.3,1.2,85.5
Kolkata,2023-12-27,495,148.5,48.6,48.8,7.1,0.5,11.8
Kolkata,2023-12-28,285,54.9,28.0,67.9,23.7,0.8,112.0
Kolkata,2023-12-29,93,95.1,79.4,42.7,22.7,1.0,58.5
Kolkata,2023-12-30,239,33.5,201.6,74.5,22.3,0.9,54.3
Kolkata,2023-12-31,354,76.2,190.1,54.3,7.2,0.3,37.4
Bangalore,2023-01-01,106,62.7,34.9,8.4,14.8,0.4,21.1
Bangalore,2023-01-02,165,221.8,215.9,43.4,20.9,0.7,100.6
Bangalore,2023-01-03,404,74.4,77.6,79.6,18.7,0.9,75.6
Bangalore,2023-01-04,425,10.7,71.8,91.2,31.9,1.9,103.8
Bangalore,2023-01-05,402,67.3,108.2,11.6,11.0,2.3,25.6
Bangalore,2023-01-06,56,169.8,139.8,7.0,48.8,2.2,28.8
Bangalore,2023-01-07,439,214.7,186.3,97.1,30.0,1.3,37.2
Bangalore,2023-01-08,106,20.8,24.9,69.6,16.0,0.7,65.3
Bangalore,2023-01-09,436,45.2,46.3,33.9,37.3,1.2,90.8
Bangalore,2023-01-10,329,71.8,156.2,39.6,2.7,1.0,88.1
Bangalore,2023-01-11,315,195.9,259.9,90.7,30.6,0.5,85.4
Bangalore,2023-01-12,422,163.6,61.4,44.0,12.6,2.5,49.3
Bangalore,2023-01-13,65,68.6,227.5,97.5,19.3,1.9,31.3
Bangalore,2023-01-14,243,163.3,290.3,88.3,34.6,2.3,59.4
Bangalore,2023-01-15,498,136.5,94.3,69.5,44.6,1.1,55.9
Bangalore,2023-01-16,191,84.2,31.5,54.4,18.5,1.6,57.7
Bangalore,2023-01-17,282,146.0,241.9,38.0,7.3,0.2,112.0
Bangalore,2023-01-18,125,121.9,62.1,96.8,31.9,1.7,43.4
Bangalore,2023-01-19,197,25.5,102.5,48.1,12.4,2.1,23.6
Bangalore,2023-01-20,300,83.4,140.5,67.7,2.0,0.8,48.5
Bangalore,2023-01-21,195,198.5,160.6,96.1,28.9,2.4,88.5
Bangalore,2023-01-22,123,249.0,75.1,60.6,5.9,0.7,62.0
Bangalore,2023-01-23,231,69.7,210.0,41.7,21.2,2.3,108.2
Bangalore,2023-01-24,204,153.3,68.5,46.4,44.0,2.1,25.3
Bangalore,2023-01-25,443,57.9,58.0,57.7,16.5,0.4,72.3
Bangalore,2023-01-26,371,120.7,71.3,79.3,42.0,0.4,67.9
Bangalore,2023-01-27,405,85.2,281.8,72.7,24.5,1.2,56.3
Bangalore,2023-01-28,260,120.7,275.5,7.5,38.8,0.4,25.5
Bangalore,2023-01-29,204,198.8,182.5,40.4,31.8,2.3,106.6
Bangalore,2023-01-30,77,191.3,129.9,43.3,2.3,2.1,106.2
Bangalore,2023-01-31,285,211.4,43.7,30.7,49.3,0.4,75.4
Bangalore,2023-02-01,470,79.7,154.8,36.5,4.9,1.9,84.2
Bangalore,2023-02-02,428,182.1,216.4,54.0,29.0,2.4,25.0
Bangalore,2023-02-03,395,163.5,63.3,64.7,36.5,2.4,98.6
Bangalore,2023-02-04,369,175.1,52.1,5.0,31.0,0.5,20.7
Bangalore,2023-02-05,154,34.9,26.9,53.1,20.8,2.3,43.0
Bangalore,2023-02-06,297,245.8,249.7,85.0,28.2,2.1,84.9
Bangalore,2023-02-07,489,168.0,54.5,18.9,3.0,0.5,91.9
Bangalore,2023-02-08,173,51.0,227.7,56.9,24.9,0.9,83.4
Bangalore,2023-02-09,351,128.3,207.0,42.2,35.5,0.4,55.9
Bangalore,2023-02-10,267,45.6,99.4,16.4,20.7,1.5,13.7
Bangalore,2023-02-11,383,224.4,193.6,9.1,45.5,2.4,61.5
Bangalore,2023-02-12,420,120.0,22.6,20.0,26.0,2.2,33.2
Bangalore,2023-02-13,411,136.0,163.7,21.6,9.3,1.7,71.9
Bangalore,2023-02-14,285,181.6,240.3,31.4,38.6,0.9,53.3
Bangalore,2023-02-15,479,164.8,125.4,49.8,33.6,1.5,112.0
Bangalore,2023-02-16,447,168.1,92.6,71.3,30.3,1.5,74.3
Bangalore,2023-02-17,474,106.9,32.6,85.9,9.6,0.4,21.7
Bangalore,2023-02-18,397,124.3,232.8,98.2,40.8,1.9,36.0
Bangalore,2023-02-19,500,51.8,269.9,76.8,22.2,0.3,77.3
Bangalore,2023-02-20,108,19.0,230.0,46.9,20.0,1.7,13.2
Bangalore,2023-02-21,139,87.1,215.6,40.9,49.5,1.5,32.0
Bangalore,2023-02-22,179,127.9,210.1,26.4,37.6,1.2,68.1
Bangalore,2023-02-23,454,56.2,183.0,64.8,34.1,0.7,99.1
Bangalore,2023-02-24,52,96.3,134.2,56.9,5.5,0.6,90.3
Bangalore,2023-02-25,422,164.1,158.9,84.1,29.4,1.3,48.7
Bangalore,2023-02-26,366,225.9,259.0,81.2,23.1,1.6,106.1
Bangalore,2023-02-27,341,28.8,239.1,33.3,7.7,0.7,76.2
Bangalore,2023-02-28,219,15.4,250.0,32.5,41.8,1.1,49.4
Bangalore,2023-03-01,496,219.2,291.1,12.1,29.6,2.2,112.5
Bangalore,2023-03-02,306,84.9,193.2,56.9,44.8,1.5,113.1
Bangalore,2023-03-03,184,166.8,29.0,45.0,11.6,2.2,16.5
Bangalore,2023-03-04,154,141.3,225.5,92.8,33.8,2.2,35.9
Bangalore,2023-03-05,87,203.4,177.9,63.0,42.1,2.1,48.0
Bangalore,2023-03-06,86,238.0,187.5,63.2,5.9,1.5,114.1
Bangalore,2023-03-07,188,183.6,49.1,52.2,12.8,1.0,62.5
Bangalore,2023-03-08,450,214.0,292.0,7.0,4.7,2.0,99.2
Bangalore,2023-03-09,323,156.0,126.2,69.9,2.9,1.3,52.6
Bangalore,2023-03-10,243,176.9,140.3,45.5,8.6,1.2,108.7
Bangalore,2023-03-11,238,94.4,116.1,92.2,13.4,0.4,11.1
Bangalore,2023-03-12,261,189.4,268.7,80.4,29.3,2.5,11.6
Bangalore,2023-03-13,418,70.0,35.9,10.4,23.1,0.8,44.6
Bangalore,2023-03-14,358,167.3,88.4,32.8,31.1,1.3,23.5
Bangalore,2023-03-15,89,28.3,282.7,24.6,35.9,2.1,108.7
Bangalore,2023-03-16,489,62.9,219.7,94.4,39.5,0.9,81.9
Bangalore,2023-03-17,319,224.3,109.3,56.4,7.0,1.0,55.2
Bangalore,2023-03-18,368,126.7,42.0,91.6,42.4,1.4,43.5
Bangalore,2023-03-19,333,60.6,124.3,82.6,8.8,2.4,86.8
Bangalore,2023-03-20,382,193.4,286.9,7.0,42.1,0.8,74.7
Bangalore,2023-03-21,203,208.5,43.7,31.5,31.3,1.3,104.9
Bangalore,2023-03-22,246,116.6,82.8,41.0,33.7,1.4,82.6
Bangalore,2023-03-23,66,140.0,117.4,7.5,31.2,2.3,111.5
Bangalore,2023-03-24,184,204.5,185.5,76.9,18.4,2.1,57.7
Bangalore,2023-03-25,268,197.8,280.0,76.5,40.8,1.5,114.8
Bangalore,2023-03-26,397,79.0,297.4,55.8,22.3,1.9,94.6
Bangalore,2023-03-27,183,49.0,126.8,75.8,46.4,0.5,11.7
Bangalore,2023-03-28,459,173.8,96.8,99.9,39.0,0.9,72.8
Bangalore,2023-03-29,69,157.7,121.3,67.6,39.6,2.1,76.9
Bangalore,2023-03-30,113,83.7,205.0,84.4,42.7,1.2,11.9
Bangalore,2023-03-31,54,121.9,290.4,50.6,42.5,0.7,16.4
Bangalore,2023-04-01,90,76.3,190.9,34.8,5.1,0.6,94.3
Bangalore,2023-04-02,191,72.3,158.6,26.6,10.4,2.2,82.2
Bangalore,2023-04-03,169,37.5,30.8,70.0,43.3,1.5,14.6
Bangalore,2023-04-04,417,64.7,286.5,99.2,48.8,0.2,102.9
Bangalore,2023-04-05,484,94.8,221.1,62.1,18.8,0.4,58.8
Bangalore,2023-04-06,311,28.6,77.1,59.2,41.8,1.8,17.9
Bangalore,2023-04-07,268,220.2,60.1,36.0,39.8,1.0,54.9
Bangalore,2023-04-08,383,99.9,283.9,32.9,3.5,1.0,42.0
Bangalore,2023-04-09,126,228.8,27.1,62.9,40.8,1.4,95.9
Bangalore,2023-04-10,310,198.0,219.6,94.3,20.2,1.5,82.3
Bangalore,2023-04-11,126,101.5,299.4,12.5,5.7,2.4,34.7
Bangalore,2023-04-12,307,249.5,196.5,74.7,27.9,0.5,106.6
Bangalore,2023-04-13,458,22.3,152.3,54.8,23.2,0.8,102.0
Bangalore,2023-04-14,200,228.7,112.0,80.9,48.9,0.7,44.6
Bangalore,2023-04-15,109,176.3,144.6,96.0,21.7,0.4,71.7
Bangalore,2023-04-16,89,229.5,202.9,62.5,23.6,1.2,72.6
Bangalore,2023-04-17,473,246.8,279.2,28.3,45.6,1.8,83.2
Bangalore,2023-04-18,360,72.5,100.3,34.8,5.9,1.2,118.2
Bangalore,2023-04-19,344,128.6,266.8,23.8,10.6,1.2,28.3
Bangalore,2023-04-20,264,73.2,175.3,93.4,37.7,0.5,13.7
Bangalore,2023-04-21,270,15.7,66.7,11.9,26.7,1.4,52.7
Bangalore,2023-04-22,266,95.0,132.6,57.9,36.2,0.5,108.7
Bangalore,2023-04-23,222,152.0,192.7,99.4,4.2,1.9,49.0
Bangalore,2023-04-24,279,228.6,196.6,75.4,22.9,1.9,87.0
Bangalore,2023-04-25,425,54.0,234.5,92.1,47.0,0.4,108.5
Bangalore,2023-04-26,353,152.3,208.7,48.1,17.4,0.6,89.5
Bangalore,2023-04-27,193,236.7,47.1,33.2,18.4,1.5,108.7
Bangalore,2023-04-28,346,132.0,279.9,32.1,20.4,1.9,114.9
Bangalore,2023-04-29,71,205.4,225.7,99.0,12.1,1.4,73.3
Bangalore,2023-04-30,365,85.4,117.3,20.7,15.8,1.3,34.6
Bangalore,2023-05-01,136,79.2,277.0,98.9,38.2,2.3,83.3
Bangalore,2023-05-02,122,33.0,174.6,53.3,10.1,1.6,14.4
Bangalore,2023-05-03,326,139.1,74.6,51.4,41.5,1.0,41.0
Bangalore,2023-05-04,342,112.4,144.6,17.0,23.8,2.3,88.8
Bangalore,2023-05-05,482,38.8,268.9,51.9,6.2,0.5,40.6
Bangalore,2023-05-06,392,38.0,119.0,12.5,40.1,1.9,46.0
Bangalore,2023-05-07,309,90.5,147.0,74.9,34.3,0.4,85.7
Bangalore,2023-05-08,69,114.0,281.1,80.4,17.2,2.1,82.7
Bangalore,2023-05-09,499,160.3,285.8,64.6,13.8,1.5,105.9
Bangalore,2023-05-10,162,171.6,94.3,19.4,41.1,1.9,41.1
Bangalore,2023-05-11,151,162.3,44.8,54.0,36.7,0.7,57.8
Bangalore,2023-05-12,301,143.9,78.4,21.9,22.1,0.8,51.8
Bangalore,2023-05-13,348,66.3,117.6,55.4,47.8,2.2,102.5
Bangalore,2023-05-14,498,80.1,155.8,80.7,20.8,1.0,62.9
Bangalore,2023-05-15,99,62.5,289.6,90.2,38.7,1.2,59.2
Bangalore,2023-05-16,176,169.0,52.4,49.1,17.3,0.5,86.7
Bangalore,2023-05-17,410,40.7,267.0,84.8,43.5,1.6,85.6
Bangalore,2023-05-18,64,79.8,162.1,89.5,39.6,0.3,94.9
Bangalore,2023-05-19,183,172.0,135.1,81.9,22.4,0.8,16.0
Bangalore,2023-05-20,298,184.8,115.2,82.8,16.8,1.1,73.0
Bangalore,2023-05-21,135,138.6,238.3,15.5,48.5,1.6,24.2
Bangalore,2023-05-22,326,14.8,222.2,81.2,6.3,1.8,110.3
Bangalore,2023-05-23,442,193.8,37.8,9.7,12.1,1.4,118.4
Bangalore,2023-05-24,479,138.6,260.7,26.8,40.5,2.3,46.5
Bangalore,2023-05-25,160,142.7,89.6,6.3,42.6,1.9,67.9
Bangalore,2023-05-26,306,105.5,155.8,19.9,16.5,0.7,95.0
Bangalore,2023-05-27,176,18.1,230.0,82.2,20.1,1.1,100.0
Bangalore,2023-05-28,498,74.8,43.8,12.0,36.7,2.0,55.7
Bangalore,2023-05-29,57,188.2,171.7,92.3,6.6,1.6,53.0
Bangalore,2023-05-30,475,155.4,107.4,35.8,26.6,0.3,40.1
Bangalore,2023-05-31,153,33.9,291.4,59.7,20.1,1.2,34.4
Bangalore,2023-06-01,258,144.6,155.3,91.2,27.6,0.8,11.9
Bangalore,2023-06-02,304,184.6,286.4,77.5,36.3,1.2,73.6
Bangalore,2023-06-03,62,105.4,85.0,40.1,29.0,1.7,46.6
Bangalore,2023-06-04,464,161.2,43.4,58.3,12.0,2.4,75.3
Bangalore,2023-06-05,92,43.9,192.6,50.0,36.7,1.5,35.6
Bangalore,2023-06-06,442,128.4,135.3,75.3,42.0,0.3,85.8
Bangalore,2023-06-07,356,107.6,21.6,70.6,38.2,2.0,70.0
Bangalore,2023-06-08,210,240.3,86.0,48.8,25.2,1.5,91.4
Bangalore,2023-06-09,425,29.5,49.4,71.4,20.0,1.9,27.8
Bangalore,2023-06-10,433,39.2,75.3,87.6,7.5,2.2,64.5
Bangalore,2023-06-11,370,202.8,156.4,76.2,28.3,1.1,42.6
Bangalore,2023-06-12,272,249.0,221.6,88.6,15.0,0.9,107.8
Bangalore,2023-06-13,338,166.1,59.6,54.7,11.8,1.6,88.6
Bangalore,2023-06-14,315,155.1,152.2,25.0,17.8,1.9,119.6
Bangalore,2023-06-15,119,49.4,220.2,50.0,17.2,0.6,61.8
Bangalore,2023-06-16,52,84.8,72.5,70.9,27.8,1.0,16.7
Bangalore,2023-06-17,289,152.7,38.7,65.5,44.4,1.0,11.6
Bangalore,2023-06-18,148,75.9,249.8,87.5,30.1,0.9,78.7
Bangalore,2023-06-19,256,234.2,177.1,66.0,11.7,1.6,21.3
Bangalore,2023-06-20,160,77.2,93.6,14.7,40.3,1.6,94.3
Bangalore,2023-06-21,219,148.2,259.0,62.5,48.4,1.9,77.7
Bangalore,2023-06-22,292,60.2,20.7,27.0,12.4,2.3,77.6
Bangalore,2023-06-23,123,49.6,264.9,35.7,45.0,0.3,66.3
Bangalore,2023-06-24,275,112.1,152.1,33.7,38.5,0.8,53.3
Bangalore,2023-06-25,446,102.5,152.9,34.6,27.1,1.4,107.2
Bangalore,2023-06-26,481,61.3,66.5,65.2,15.3,0.5,58.1
Bangalore,2023-06-27,276,127.6,240.9,70.1,28.8,1.2,48.3
Bangalore,2023-06-28,62,217.9,259.5,78.2,18.6,1.2,77.9
Bangalore,2023-06-29,498,249.5,283.0,41.3,10.6,1.9,11.2
Bangalore,2023-06-30,276,96.6,74.6,60.7,17.8,2.3,110.7
Bangalore,2023-07-01,307,231.2,189.9,8.2,15.2,1.3,14.8
Bangalore,2023-07-02,406,179.0,96.8,10.4,29.5,0.3,89.0
Bangalore,2023-07-03,291,249.3,197.0,51.6,24.7,2.2,92.6
Bangalore,2023-07-04,463,34.9,123.5,63.2,36.2,1.8,29.5
Bangalore,2023-07-05,485,41.6,137.5,85.4,4.7,1.7,16.9
Bangalore,2023-07-06,99,215.9,97.7,86.0,33.4,1.9,46.6
Bangalore,2023-07-07,394,213.6,108.6,72.4,45.5,1.5,113.9
Bangalore,2023-07-08,314,13.4,206.1,44.6,34.1,0.3,31.2
Bangalore,2023-07-09,439,130.4,224.1,13.0,23.3,0.8,31.9
Bangalore,2023-07-10,308,108.2,197.9,85.0,47.2,0.9,71.7
Bangalore,2023-07-11,110,91.9,179.1,71.1,29.2,1.3,22.8
Bangalore,2023-07-12,96,53.8,44.2,35.2,32.1,0.2,28.6
Bangalore,2023-07-13,55,62.2,124.9,12.7,36.8,0.8,102.1
Bangalore,2023-07-14,378,236.2,262.1,76.0,37.4,0.9,51.7
Bangalore,2023-07-15,196,52.7,59.3,35.0,12.8,0.6,107.2
Bangalore,2023-07-16,140,245.0,92.6,46.8,6.4,1.0,50.0
Bangalore,2023-07-17,445,164.0,145.9,64.9,41.9,0.3,101.8
Bangalore,2023-07-18,247,47.4,179.2,99.4,22.8,1.7,85.0
Bangalore,2023-07-19,197,59.8,215.9,52.9,41.8,2.0,20.0
Bangalore,2023-07-20,445,60.6,81.1,29.8,46.3,1.4,79.4
Bangalore,2023-07-21,293,43.6,184.3,40.4,20.1,1.6,13.7
Bangalore,2023-07-22,409,35.1,120.5,90.6,9.6,1.3,47.0
Bangalore,2023-07-23,101,54.9,120.2,20.5,28.2,1.9,58.3
Bangalore,2023-07-24,365,119.5,181.3,46.3,21.2,2.1,37.8
Bangalore,2023-07-25,241,154.2,155.1,43.1,3.9,2.3,35.8
Bangalore,2023-07-26,309,35.9,139.3,30.6,29.7,1.6,28.0
Bangalore,2023-07-27,135,231.4,268.2,96.7,47.3,0.7,117.0
Bangalore,2023-07-28,434,43.5,205.8,79.9,4.6,0.4,97.2
Bangalore,2023-07-29,122,202.4,148.4,20.7,2.0,0.5,107.1
Bangalore,2023-07-30,204,83.8,71.7,86.5,23.0,1.9,27.0
Bangalore,2023-07-31,334,213.0,124.8,50.3,18.5,1.3,85.5
Bangalore,2023-08-01,407,61.0,152.2,40.7,24.2,0.8,110.9
Bangalore,2023-08-02,248,40.8,233.7,17.7,39.1,2.3,100.2
Bangalore,2023-08-03,423,219.4,187.1,55.7,18.6,1.7,116.7
Bangalore,2023-08-04,63,63.2,190.4,77.9,19.7,1.0,100.6
Bangalore,2023-08-05,362,153.8,131.5,12.3,13.0,1.3,14.9
Bangalore,2023-08-06,204,114.5,115.1,67.1,22.4,0.9,52.5
Bangalore,2023-08-07,470,125.4,93.1,95.7,10.6,1.1,66.9
Bangalore,2023-08-08,104,121.6,43.1,70.2,6.9,2.2,98.4
Bangalore,2023-08-09,56,48.6,56.0,53.2,34.9,0.2,81.9
Bangalore,2023-08-10,393,106.4,236.0,33.8,14.4,1.7,76.4
Bangalore,2023-08-11,460,228.0,160.6,79.2,36.2,2.1,116.9
Bangalore,2023-08-12,107,198.5,294.6,55.5,20.4,1.8,26.5
Bangalore,2023-08-13,222,237.6,218.1,29.5,26.7,1.6,105.9
Bangalore,2023-08-14,272,21.7,98.9,16.5,25.5,1.0,107.8
Bangalore,2023-08-15,401,98.6,139.2,69.1,38.8,0.3,39.4
Bangalore,2023-08-16,200,95.7,24.9,35.8,32.5,1.6,49.3
Bangalore,2023-08-17,68,137.5,130.9,21.6,27.7,0.5,25.9
Bangalore,2023-08-18,302,113.5,96.9,97.3,35.1,0.8,100.8
Bangalore,2023-08-19,477,233.7,249.7,59.1,4.0,1.0,14.2
Bangalore,2023-08-20,361,244.4,198.6,88.8,20.3,2.5,18.7
Bangalore,2023-08-21,376,189.8,138.3,7.1,47.6,0.8,81.8
Bangalore,2023-08-22,90,210.8,141.4,16.1,11.2,0.8,43.4
Bangalore,2023-08-23,313,139.4,242.2,71.0,4.3,1.5,33.7
Bangalore,2023-08-24,273,75.9,212.9,22.6,26.1,0.3,53.9
Bangalore,2023-08-25,142,172.8,96.4,43.7,2.9,1.2,24.3
Bangalore,2023-08-26,186,121.0,241.3,65.3,6.7,0.7,88.0
Bangalore,2023-08-27,163,25.3,100.6,72.6,41.7,1.6,79.8
Bangalore,2023-08-28,218,139.9,153.2,58.0,18.5,0.9,100.5
Bangalore,2023-08-29,127,120.9,227.9,25.0,35.5,1.7,38.1
Bangalore,2023-08-30,66,168.6,180.0,12.5,25.4,2.5,19.1
Bangalore,2023-08-31,432,246.4,123.4,32.7,17.1,1.8,13.3
Bangalore,2023-09-01,369,150.4,194.8,58.7,21.9,2.0,92.7
Bangalore,2023-09-02,195,143.5,157.4,27.3,46.2,0.5,76.8
Bangalore,2023-09-03,485,39.6,130.8,25.1,7.3,0.9,105.1
Bangalore,2023-09-04,442,196.6,225.6,43.1,21.6,1.9,56.0
Bangalore,2023-09-05,356,76.9,235.7,64.9,33.9,1.8,79.6
Bangalore,2023-09-06,375,86.3,170.0,42.3,43.2,1.3,61.0
Bangalore,2023-09-07,472,231.9,64.0,88.0,21.2,0.2,101.3
Bangalore,2023-09-08,440,121.4,68.2,91.2,20.4,1.7,117.2
Bangalore,2023-09-09,260,55.3,28.1,26.3,31.3,1.4,18.9
Bangalore,2023-09-10,342,185.7,284.7,35.9,14.0,1.5,61.9
Bangalore,2023-09-11,96,238.4,26.4,62.1,39.9,1.1,66.2
Bangalore,2023-09-12,148,214.1,65.2,40.1,44.0,0.6,113.1
Bangalore,2023-09-13,152,87.5,102.0,90.0,11.9,1.3,37.0
Bangalore,2023-09-14,358,116.5,87.7,21.8,24.1,1.7,98.4
Bangalore,2023-09-15,478,89.5,277.6,20.1,24.2,2.4,10.8
Bangalore,2023-09-16,66,173.7,133.8,54.4,24.6,1.1,96.1
Bangalore,2023-09-17,183,222.0,170.5,73.0,31.1,2.5,88.6
Bangalore,2023-09-18,274,125.4,223.3,32.8,21.1,2.1,94.6
Bangalore,2023-09-19,236,105.9,279.7,64.8,23.1,2.0,21.4
Bangalore,2023-09-20,483,73.0,251.1,76.6,7.4,0.6,55.4
Bangalore,2023-09-21,223,44.1,88.1,50.8,14.7,1.0,86.3
Bangalore,2023-09-22,284,225.8,157.6,28.2,14.5,0.9,58.9
Bangalore,2023-09-23,453,118.1,92.2,31.2,3.7,0.5,67.4
Bangalore,2023-09-24,63,63.0,123.8,39.5,16.0,2.4,27.4
Bangalore,2023-09-25,374,83.1,219.7,69.0,9.4,2.1,24.1
Bangalore,2023-09-26,361,80.2,127.6,65.5,3.3,0.7,43.3
Bangalore,2023-09-27,349,12.9,122.0,53.3,43.8,1.4,62.5
Bangalore,2023-09-28,137,243.4,200.3,60.8,26.1,1.4,51.6
Bangalore,2023-09-29,298,165.6,263.8,50.8,25.2,1.1,83.6
Bangalore,2023-09-30,83,92.2,106.6,26.3,15.4,2.0,96.8
Bangalore,2023-10-01,382,57.3,159.7,59.1,32.7,0.2,92.1
Bangalore,2023-10-02,469,197.9,166.8,26.7,11.7,1.7,53.8
Bangalore,2023-10-03,100,238.5,162.1,30.8,48.2,2.1,69.2
Bangalore,2023-10-04,90,242.9,35.7,58.8,13.9,0.8,91.3
Bangalore,2023-10-05,403,234.7,260.1,26.7,36.4,0.6,117.7
Bangalore,2023-10-06,186,142.5,45.6,23.1,41.9,0.3,109.3
Bangalore,2023-10-07,317,82.7,78.2,28.2,38.6,1.3,20.8
Bangalore,2023-10-08,450,22.3,241.2,11.9,25.0,1.2,62.4
Bangalore,2023-10-09,101,140.2,80.2,51.3,29.3,1.5,104.7
Bangalore,2023-10-10,107,182.8,143.9,66.0,30.3,1.7,93.1
Bangalore,2023-10-11,50,70.4,134.0,30.7,32.3,1.0,63.2
Bangalore,2023-10-12,195,238.3,103.9,87.4,14.0,0.8,71.7
Bangalore,2023-10-13,208,160.2,51.2,76.9,10.7,0.2,108.3
Bangalore,2023-10-14,310,122.9,65.7,11.2,22.7,0.9,111.8
Bangalore,2023-10-15,276,92.2,212.3,83.1,11.3,0.5,35.5
Bangalore,2023-10-16,207,130.4,109.6,55.4,6.9,0.9,77.0
Bangalore,2023-10-17,342,171.3,110.7,23.2,21.0,0.6,27.4
Bangalore,2023-10-18,389,47.7,287.9,98.2,33.4,2.0,95.8
Bangalore,2023-10-19,187,64.9,93.6,93.8,42.1,1.1,43.7
Bangalore,2023-10-20,422,94.9,228.7,47.7,22.4,1.1,55.9
Bangalore,2023-10-21,440,235.6,35.5,43.8,33.0,0.5,60.3
Bangalore,2023-10-22,190,14.7,217.2,24.8,36.4,0.9,51.1
Bangalore,2023-10-23,214,112.6,127.1,58.0,37.5,2.0,77.9
Bangalore,2023-10-24,275,215.5,49.9,28.1,17.6,1.3,89.3
Bangalore,2023-10-25,290,238.5,285.1,79.2,20.7,2.4,87.7
Bangalore,2023-10-26,177,77.2,189.9,40.6,6.9,1.7,40.4
Bangalore,2023-10-27,239,115.1,99.6,49.8,44.3,0.4,117.5
Bangalore,2023-10-28,425,109.3,62.5,19.3,16.3,0.7,19.7
Bangalore,2023-10-29,175,88.7,173.0,67.8,28.7,2.1,85.9
Bangalore,2023-10-30,121,195.3,39.0,79.7,36.1,0.9,103.9
Bangalore,2023-10-31,445,117.0,267.7,22.5,24.5,1.3,46.6
Bangalore,2023-11-01,396,243.1,92.5,62.3,46.8,0.5,80.6
Bangalore,2023-11-02,268,105.1,156.2,9.6,27.4,2.3,66.3
Bangalore,2023-11-03,58,145.8,298.8,96.2,43.9,1.0,69.3
Bangalore,2023-11-04,194,148.0,197.6,74.8,29.1,2.4,95.9
Bangalore,2023-11-05,322,48.0,163.8,85.9,29.5,1.3,81.5
Bangalore,2023-11-06,147,190.5,234.8,45.9,15.3,1.2,106.9
Bangalore,2023-11-07,428,46.5,112.5,22.3,29.6,1.2,95.9
Bangalore,2023-11-08,428,206.9,141.1,7.0,29.6,0.2,101.1
Bangalore,2023-11-09,59,12.0,110.3,19.3,43.1,1.5,94.5
Bangalore,2023-11-10,322,119.9,206.3,78.1,29.6,1.0,106.8
Bangalore,2023-11-11,494,148.4,72.9,19.1,16.8,0.4,68.7
Bangalore,2023-11-12,482,19.5,55.7,38.1,5.3,2.2,112.1
Bangalore,2023-11-13,386,60.1,104.8,45.3,15.0,2.4,33.9
Bangalore,2023-11-14,231,16.6,265.7,94.7,7.9,2.4,12.8
Bangalore,2023-11-15,494,188.5,227.2,41.1,23.4,1.1,32.6
Bangalore,2023-11-16,244,151.7,54.9,97.1,26.3,1.5,66.8
Bangalore,2023-11-17,133,191.6,53.7,51.5,31.0,1.9,44.9
Bangalore,2023-11-18,147,60.5,45.4,53.2,24.9,1.4,113.9
Bangalore,2023-11-19,58,11.7,245.0,43.0,43.2,1.0,114.0
Bangalore,2023-11-20,478,25.7,284.9,66.9,13.0,1.8,81.5
Bangalore,2023-11-21,464,103.5,152.0,95.4,15.2,1.7,45.6
Bangalore,2023-11-22,122,213.4,69.7,5.9,26.9,0.5,61.7
Bangalore,2023-11-23,69,24.7,244.7,87.3,33.7,1.1,55.6
Bangalore,2023-11-24,130,110.6,68.9,54.3,9.3,2.1,83.6
Bangalore,2023-11-25,236,221.0,50.6,20.4,25.9,0.9,78.8
Bangalore,2023-11-26,480,73.6,109.9,79.4,17.9,2.2,13.8
Bangalore,2023-11-27,496,44.6,134.1,56.3,38.6,1.9,28.7
Bangalore,2023-11-28,101,13.6,271.2,13.8,49.4,0.5,62.3
Bangalore,2023-11-29,262,215.5,170.3,17.8,31.0,1.7,44.3
Bangalore,2023-11-30,290,225.9,91.9,35.7,27.9,2.4,83.5
Bangalore,2023-12-01,99,124.7,229.6,85.9,11.4,0.7,24.3
Bangalore,2023-12-02,123,64.1,43.0,14.0,21.4,2.2,21.6
Bangalore,2023-12-03,165,70.2,224.4,33.6,36.1,1.3,75.0
Bangalore,2023-12-04,314,148.5,267.4,77.2,8.3,1.2,82.7
Bangalore,2023-12-05,346,186.7,258.2,76.1,40.4,1.7,97.4
Bangalore,2023-12-06,143,13.4,197.7,84.4,13.4,1.1,11.3
Bangalore,2023-12-07,296,126.1,116.3,64.7,41.2,1.5,59.7
Bangalore,2023-12-08,159,118.8,93.6,46.8,37.8,1.7,66.6
Bangalore,2023-12-09,222,90.9,269.9,29.3,40.7,1.3,70.4
Bangalore,2023-12-10,389,33.2,259.7,77.5,14.6,2.0,56.9
Bangalore,2023-12-11,63,241.5,55.3,26.6,24.0,0.5,70.6
Bangalore,2023-12-12,201,40.3,117.3,48.0,28.6,2.4,116.3
Bangalore,2023-12-13,308,53.8,249.6,89.1,26.5,0.5,84.9
Bangalore,2023-12-14,447,14.0,225.4,38.6,30.8,0.5,104.6
Bangalore,2023-12-15,318,21.3,169.3,56.2,35.3,2.5,28.3
Bangalore,2023-12-16,131,34.0,66.4,65.3,31.7,2.1,92.6
Bangalore,2023-12-17,127,139.8,287.4,45.3,11.7,0.3,116.6
Bangalore,2023-12-18,255,81.2,272.3,97.3,44.9,1.3,25.0
Bangalore,2023-12-19,203,10.1,90.4,57.8,17.0,2.3,77.4
Bangalore,2023-12-20,84,24.2,134.9,18.7,41.5,2.0,98.8
Bangalore,2023-12-21,174,103.9,64.6,44.8,30.4,0.8,48.5
Bangalore,2023-12-22,165,241.2,97.3,89.8,7.9,1.9,113.9
Bangalore,2023-12-23,127,59.4,59.9,31.2,17.7,1.7,67.3
Bangalore,2023-12-24,318,34.6,196.0,49.8,33.7,0.9,23.7
Bangalore,2023-12-25,430,156.4,63.0,88.6,38.2,1.9,106.3
Bangalore,2023-12-26,70,101.6,269.5,15.7,24.4,1.5,106.4
Bangalore,2023-12-27,404,217.7,156.4,32.7,27.1,0.4,90.5
Bangalore,2023-12-28,356,217.6,87.6,85.7,25.7,1.8,57.6
Bangalore,2023-12-29,79,163.1,262.2,31.6,36.8,0.8,37.7
Bangalore,2023-12-30,310,88.9,206.8,28.9,19.1,0.2,88.4
Bangalore,2023-12-31,298,68.3,158.6,61.2,34.0,0.4,95.9
